id;reg_num;expiration;mark;type;manufacturer;owner;group_name;how_to_use;atx_code;name;condition
1;DV/X 05918/03/19;07.08.2029;СУПРАСТИН®;Таблетки;Egis Pharmaceuticals PLC Венгрия;Egis Pharmaceuticals PLC Венгрия;Антигистаминные препараты системного действия. Этилендиамины замещенные. Хлоропирамин;Внутрь;R06AC03;Хлоропирамин;Без рецепта
2;DV/M 02485/03/19;19.04.2030;ДИАЗОЛИН;Таблетки;ООО Merrymed Farm Узбекистан;ООО Merrymed Farm1 Узбекистан;Антигистаминные средства системного действия. Другие антигистаминные средства системного действия. Мебгидролин;Внутрь;R06AX15;Мебгидролин;Без рецепта
3;DV/X 00913/10/15;29.12.2025;АЛЛЕРГОЗАН®;Таблетки, покрытые оболочкой;АО Софарма Болгария;АО Софарма Болгария;Антигистаминные препараты для системного применения;Внутрь;R06AC03;Хлоропирамин;Без рецепта
4;DV/M 03083/04/20;Бессрочно;МЕР ЛОРАТАД;Таблетки;ООО Merrymed Farm1 Узбекистан;ООО Merrymed Farm Узбекистан;Дыхательная система. Антигистаминные средства системного действия. Другие антигистаминные средства системного действия. Лоратадин.;Внутрь;R06AX13;Лоратадин;Без рецепта
5;DV/X 06593/07/19;31.01.2030;ДЕЗРАДИН®;Таблетки покрытые пленочной оболочкой;KRKA, d.d., Novo mesto Словения;KRKA, d.d., Novo mesto Словения;Антигистаминные средства для системного применения;Внутрь;R06AX27;Дезлоратадин;Без рецепта
6;DV/X 06177/05/19;19.05.2030;ЛОРАНЕКС;Таблетки покрытые оболочкой;GM Pharmaceuticals LTD Грузия;GM Pharmaceuticals LTD Грузия;Дыхательная система. Антигистаминные средства системного действия. Другие антигистаминные средства системного действия;Внутрь;R06AX27;Дезлоратадин;Без рецепта
7;DV/X 07446/01/20;25.07.2030;СУПРАСТИНЕКС;Таблетки покрытые оболочкой;Egis Pharmaceuticals PLC Венгрия;Egis Pharmaceuticals PLC Венгрия;Антигистаминные препараты системного применения, производные пиперазина;Внутрь;R06AE09;Левоцетиризин;Без рецепта
8;DV/X 05829/02/19;27.08.2029;Эдем®;Таблетки покрытые оболочкой;АО Фармак Украина;АО Фармак Украина;Антигистаминные средства для системного применения;Внутрь;R06AX27;Дезлоратадин;Без рецепта
9;DV/X 06251/05/19;30.09.2029;ЭРГОФЕРОН;Таблетки для рассасывания гомеопатические;"ООО ""НПФ ""Материа Медика Холдинг"" Российская Федерация";"ООО ""НПФ ""Материа Медика Холдинг"" Российская Федерация";Противовирусное средство, антигистаминное средство;Внутрь;J05AX;Другие противовирусные препараты;Без рецепта
10;DV/X 07008/11/19;01.07.2030;ЛОРДЕС;Сироп;АО Нобел Алматинская Фармацевтическая Фабрика Казахстан;АО Нобел Алматинская Фармацевтическая Фабрика Казахстан;Антигистаминные средства системного действия. Другие антигистаминные средства системного действия;Внутрь;R06AX27;Дезлоратадин;Без рецепта
11;DV/X 08539/02/21;02.02.2026;Алерголик;Таблетки покрытые оболочкой;ЧАО Технолог Украина;ЧАО Технолог Украина;Антигистаминные средства для системного применения;Внутрь;R06AE09;Левоцетиризин;Без рецепта
12;DV/X 08785/04/21;09.04.2026;АЛЛЕРГАСТИН;Таблетки диспергируемые в полости рта;S.A. LABORATORIOS NORMON Испания;LLP Vegapharm Великобритания;Антигистаминные средства для системного применения;Внутрь;R06AX22;Эбастин;Без рецепта
13;DV/X 08844/04/21;09.04.2026;ЛАМБРОТИН;Таблетки;LTD Lark Laboratories (India) Индия;Belinda Laboratories Pvt. Ltd. Индия;Муколитическое и антигистаминное лекарственное средство;Внутрь;R05CA10;Отхаркивающие препараты в комбинации;Без рецепта
14;DV/X 09133/07/21;16.07.2026;КЛАРИТИН®;Таблетки;GmbH Bayer Bitterfeld Германия;AG Bayer Consumer Care Швейцария;Антигистаминные средства для системного применения;Внутрь;R06AX13;Лоратадин;Без рецепта
15;DV/X 08971/05/21;25.05.2026;ЛАМБРОТИН;Сироп;LTD Lark Laboratories (India) Индия;Belinda Laboratories Pvt. Ltd. Индия;Муколитическое и антигистаминное лекарственное средство;Внутрь;R05CA10;Отхаркивающие препараты в комбинации;Без рецепта
16;DV/X 09836/04/22;27.04.2027;Алилорд;Таблетки;Hiral Labs LTD Индия;Alisha & Isha Pharmaceuticals Индия;Антигистаминные средства для системного применения;орально;R06AX27;Дезлоратадин;Без рецепта
17;DV/X 10080/08/22;30.08.2027;Лоратадин;Таблетки;MEDIPHARCO PHARMACEUTICAL JOINT STOCK COMPANY Вьетнам;ООО УКРФАРМЭКСПОРТ Украина;Антигистаминные средства для системного применения;орально;;;Без рецепта
18;DV/M 02855/11/19;30.05.2030;МЕР ЗОДЕК;Таблетки покрытые пленочной оболочкой;ООО Merrymed Farm Узбекистан;ООО Merrymed Farm Узбекистан;Антигистаминные средства системного действия. Производные пиперазина. Цетиризин;Внутрь;R06AE07;Цетиризин;Без рецепта
19;DV/X 10759/09/24;30.09.2029;Алледермин;Гель;Bilim İlaç Sanayii ve Ticaret A. Ş. Турция;Bilim İlaç Sanayii ve Ticaret A. Ş. Турция;Препараты для лечения зуда (включая антигистаминные препараты и анестетики). Антигистаминные препараты для наружного применения. Местные анестетики для наружного применения. Прочие препараты для лечения зуда.;Для наружного применения;D04AX;;Без рецепта
20;DV/X 10797/11/24;18.11.2029;Дезлоратадин;Таблетки покрытые оболочкой;ЧАО Технолог Украина;ЧАО Технолог Украина;Антигистаминные средства для системного применения. Прочие антигистаминные препараты для системного применения. Дезлоратадин;Внутрь;R06AX27;Дезлоратадин;Без рецепта
21;DV/X 10815/12/24;20.12.2029;Эслотин;Сироп;World Medicine Ilac San. ve Tic. A.S. Турция;World Medicine Ilac San. ve Tic.1 A.S. Турция;Антигистаминные средства системного действия. Другие антигистаминные средства системного действия;Внутрь;R06AX27;Дезлоратадин;Без рецепта
22;DV/X 04603/07/18;27.08.2029;Эслотин;Сироп;World Medicine Ilac San. ve Tic. A.S. Турция;World Medicine Ilac San. ve Tic. A.S. Турция;Другие антигистаминные препараты для системного применения.;Внутрь;R06AX27;Дезлоратадин;Без рецепта
23;DV/X 10934/05/25;19.05.2030;Эриус®;Таблетки покрытые пленочной оболочкой;GmbH Bayer Bitterfeld Германия;AG Bayer Consumer Care Швейцария;Антигистаминные средства для системного применения;Внутрь;R06AX27;Дезлоратадин;Без рецепта
24;DV/X 10963/06/25;16.06.2030;Эбастин Аристо;Таблетки, покрытые пленочной оболочкой;Laboratorios Medicamentos Internacionales S.A. Испания;GmbH Aristo Pharma Германия;Антигистаминные препараты для системного применения. Другие антигистаминные препараты для системного применения. Эбастин;Перорально;R06AX22;Эбастин;Без рецепта
25;DV/X 02528/12/16;23.12.2026;ФЕНКАРОЛ®;Таблетки;Olpha AS Латвия;Olpha AS Латвия;Антигистаминные средства для системного применения;Внутрь;R06AX31;Хифенадин;Без рецепта
1;DV/M 01455/04/17;29.06.2027;ГРИПП АКТИВ;Таблетки;ООО Nika Pharm Узбекистан;ООО Nika Pharm Узбекистан;"Средство для устранения симптомов ОРЗ и ""простуды""";Внутрь;N02BE51;Парацетамол в комбинации со средствами (исключая психотропные препараты);Без рецепта
2;DV/X 03249/07/17;30.09.2027;ВРАГГРИПП;Капли назальные;LTD Lincoln Pharmaceuticals Индия;Pvt. Ltd. Isshaan Healthcare Индия;"Средство для устранения симптомов ОРЗ и ""простуды""";Назальное;R01AA07;Ксилометазолин;Без рецепта
3;DV/M 00558/12/15;29.12.2025;АВИРОЛ C® НИКА;Капсулы;ООО Nika Pharm Узбекистан;ООО Nika Pharm Узбекистан;"Средство для устранения симптомов ОРЗ и ""простуды""";Внутрь;N02BE51;Парацетамол в комбинации со средствами (исключая психотропные препараты);Без рецепта
4;DV/X 01731/05/16;23.04.2026;КОМБИГРИПП®;Таблетки;LTD Evertogen Life Sciences Индия;ORGANOSYN LIFESCIENCES (FZE) ОАЭ;"Средство для устранения симптомов ОРЗ и ""простуды""";Внутрь;N02BE71;Парацетамол в комбинации с психотропными средствами;Без рецепта
5;DV/M 01785/09/17;Бессрочно;АНТИГРИППИН;Таблетки;ООО Lafz Узбекистан;ООО Lafz Узбекистан;"Средство для устранения симптомов ОРЗ и ""простуды""";Внутрь;N02BE51;Парацетамол в комбинации со средствами (исключая психотропные препараты);Без рецепта
6;DV/X 03974/02/18;14.07.2028;ГРИППОМИКС;Порошок для приготовления раствора для приема внутрь;СООО Лекфарм, Республика Беларусь;СООО Лекфарм, Республика Беларусь;"Средство для устранения симптомов ОРЗ и ""простуды""";Внутрь;N02BE51;Парацетамол в комбинации со средствами (исключая психотропные препараты);Без рецепта
7;DV/X 03993/02/18;19.07.2029;ЗУПА;Гранулы для приготовления раствора для приема внутрь;Xinjiang Uygur Pharmaceutical Co.ltd Китай;Xinjiang Uygur Pharmaceutical Co.ltd Китай;"ОРЗ и ""простуды"" симптомов средство устранения";Внутрь;;;Без рецепта
8;DV/X 00964/10/15;21.01.2026;ФЛЮКОЛД® ФОРТЕ+Vit C;Таблетки покрытые пленочной оболочкой;Pvt. Ltd. Nabros Pharma Индия;LTD Nabros Pharma Индия;"Средство для устранения симптомов ОРЗ и ""простуды""";Внутрь;N02BE51;Парацетамол в комбинации со средствами (исключая психотропные препараты);Без рецепта
9;DV/M 01677/07/17;19.07.2027;АВИРОЛ С®;Капсулы;ДХО Nika Pharm Узбекистан;ДХО Nika Pharm Узбекистан;"Средство для устранения симптомов ОРЗ и ""простуды""";Внутрь;N02BE51;Парацетамол в комбинации со средствами (исключая психотропные препараты);Без рецепта
10;DV/X 03365/07/17;28.10.2027;КРЭК-ФЛЮ;Таблетки;Hiral Labs LTD Индия;Pvt. Ltd. Iora Lifecare Индия;"Средство для устранения симптомов ОРЗ и ""простуды""";Внутрь;N02BE51;Парацетамол в комбинации со средствами (исключая психотропные препараты);Без рецепта
11;DV/X 02751/03/17;29.03.2027;ГРИПОФФ;Порошок гранулированный для приготовления раствора для приема внутрь;World Medicine Ilac San. ve Tic.1 A.S. Турция;World Medicine Ilac San. ve Tic.1 A.S. Турция;Средство для устранения симптомов ОРЗ;Внутрь;;;Без рецепта
12;DV/X 02104/09/16;23.12.2026;ДОКТОР МОМ®;Мазь;Unique Pharmaceutical Laboratories (A.Division of J.B. Chemicals & Pharmaceuticals Limited) LTD Индия;ООО Johnson & Jonson Российская Федерация;"Средство для устранения симптомов ОРЗ и ""простуды""";Накожное введение (наружное);R05CA10;Отхаркивающие препараты в комбинации;Без рецепта
13;DV/X 03541/09/17;30.09.2027;Звездочка Флю;Порошок для приготовления раствора для приема внутрь;Danapha Pharmaceutical JSC Вьетнам;Danhson-BG OOD Болгария;"Средство для устранения симптомов ОРЗ и ""простуды""";Внутрь;N02BE51;Парацетамол в комбинации со средствами (исключая психотропные препараты);Без рецепта
14;DV/X 03671/11/17;21.12.2027;Инсти;Гранулы травяные;Pvt. Ltd. Herbion Pakistan Пакистан;Pvt. Ltd. Herbion Pakistan Пакистан;"ОРЗ и ""простуды"" симптомов средство устранения";Внутрь;R05X;;Без рецепта
15;DV/X 03873/12/17;30.11.2027;АЛИГРИПП;Таблетки;Hiral Labs LTD Индия;Alisha & Isha Pharmaceuticals Индия;"Средство для устранения симптомов ОРЗ и ""простуды""";Внутрь;N02BE51;Парацетамол в комбинации со средствами (исключая психотропные препараты);Без рецепта
16;DV/X 02039/08/16;04.03.2027;ВРАГГРИПП ЗИНГ;Таблетки шипучие;Pvt. Ltd. Isshaan Healthcare Индия;Pvt. Ltd. Isshaan Healthcare Индия;"Средство для устранения симптомов ОРЗ и ""простуды""";Внутрь;N02BE51;Парацетамол в комбинации со средствами (исключая психотропные препараты);Без рецепта
17;DV/X 01448/03/16;21.01.2026;ЗУКАМУ;Гранулы для приготовления раствора для приема внутрь;Xinjiang Uygur Pharmaceutical Co.ltd Китай;Xinjiang Uygur Pharmaceutical Co.ltd Китай;"ОРЗ и ""простуды"" симптомов средство устранения";Внутрь;N07XX;Прочие препараты для лечения заболеваний нервной системы;Без рецепта
18;DV/M 02960/01/20;16.06.2030;Ин-Грипп;Таблетки;СП ООО NOVA PHARM Узбекистан;СП ООО NOVA PHARM1 Узбекистан;Средство для устранения симптомов ОРЗ;Внутрь;N02BE71;Парацетамол в комбинации с психотропными средствами;Без рецепта
19;DV/M 02511/04/19;Бессрочно;РОМИДОН;Таблетки;ИП ООО Well Med Pharm Узбекистан;ИП ООО Well Med Pharm Узбекистан;"Средство для устранения симптомов ОРЗ и ""простуды""";Внутрь;N02BE71;Парацетамол в комбинации с психотропными средствами;Без рецепта
20;DV/M 01926/12/17;08.06.2028;ЛОРИНГОСЕПТ;Таблетки;ООО Radiks Узбекистан;ООО Radiks Узбекистан;"Средство для устранения симптомов ОРЗ и ""простуды""";Внутрь;R02AA;Антисептики;Без рецепта
21;DV/X 03554/09/17;20.09.2027;ТАИКОЛД;Порошок для приготовления раствора для приема внутрь;GM Pharmaceuticals LTD Грузия;GM Pharmaceuticals LTD Грузия;"Средство для устранения симптомов ОРЗ и ""простуды""";Внутрь;N02BE51;Парацетамол в комбинации со средствами (исключая психотропные препараты);Без рецепта
22;DV/X 02285/10/16;16.06.2027;Болекс Колд и Флю;Таблетки;Syren Healthcare Индия;Syren Healthcare Индия;"Средство для устранения симптомов ОРЗ и ""простуды""";Внутрь;N02BE51;Парацетамол в комбинации со средствами (исключая психотропные препараты);Без рецепта
23;DV/X 04799/07/18;24.05.2029;ИНСТИ ДЛЯ ДЕТЕЙ;Гранулы травяные для приготовления раствора для приёма внутрь;Pvt. Ltd. Herbion Pakistan Пакистан;Pvt. Ltd. Herbion Pakistan Пакистан;"Средство для устранения симптомов ОРЗ и ""простуды""";Внутрь;R05X;;Без рецепта
24;DV/X 04798/07/18;28.06.2029;ИНСТИ БЕЗ САХАРА;Гранулы травяные для приготовления раствора для приёма внутрь;Pvt. Ltd. Herbion Pakistan Пакистан;Pvt. Ltd. Herbion Pakistan Пакистан;"Средство для устранения симптомов ОРЗ и ""простуды""";Внутрь;R05X;;Без рецепта
25;DV/X 03248/07/17;30.09.2027;ВРАГГРИПП КИД;Капли для приема внутрь;LTD Lincoln Pharmaceuticals Индия;Pvt. Ltd. Isshaan Healthcare Индия;"Средство для устранения симптомов ОРЗ и ""простуды""";Внутрь;R01AB06;Ксилометазолин в комбинации со средствами;Без рецепта
26;DV/X 01118/12/15;29.12.2025;АНТИГРИППИН;Таблетки шипучие;sp.z.o.o. Natur Product Pharma Польша;ООО Бауш Хелс Российская Федерация;"Средство для устранения симптомов ОРЗ и ""простуды""";Внутрь;N02BE51;Парацетамол в комбинации со средствами (исключая психотропные препараты);Без рецепта
27;DV/X 01877/07/16;25.05.2026;ВРАГГРИПП;Таблетки;LTD Lincoln Pharmaceuticals Индия;Pvt. Ltd. Isshaan Healthcare Индия;"Средство для устранения симптомов ОРЗ и ""простуды""";Внутрь;N02BE51;Парацетамол в комбинации со средствами (исключая психотропные препараты);Без рецепта
28;DV/X 03591/09/17;21.12.2027;ФЛЮКОЛД;Сироп;Pvt. Ltd. Nabros Pharma Индия;Pvt. Ltd. Nabros Pharma Индия;"Средство для устранения симптомов ОРЗ и ""простуды""";Внутрь;N02BE51;Парацетамол в комбинации со средствами (исключая психотропные препараты);Без рецепта
29;DV/X 02748/03/17;29.03.2027;ФЕН-ФЕН;Гранулы для приготовления раствора для приема внутрь;World Medicine Ilac San. ve Tic. A.S. Турция;World Medicine Ilac San. ve Tic. A.S. Турция;Средство для устранения симптомов ОРЗ;Внутрь;N02BE51;Парацетамол в комбинации со средствами (исключая психотропные препараты);Без рецепта
30;DV/X 03567/09/17;14.10.2027;ОЗНОБИН ХОТ;Порошок гранулированный для приготовления раствора для приема внутрь;World Medicine Ilac San. ve Tic.1 A.S. Турция;World Medicine Ilac San. ve Tic.1 A.S. Турция;"Средство для устранения симптомов ОРЗ и ""простуды""";Внутрь;N02BE51;Парацетамол в комбинации со средствами (исключая психотропные препараты);Без рецепта
31;DV/X 02004/08/16;19.03.2026;ВРАГГРИПП-П;Сироп;LTD Lincoln Pharmaceuticals Индия;Pvt. Ltd. Isshaan Healthcare Индия;"Средство для устранения симптомов ОРЗ и ""простуды""";Внутрь;M01AE51;Ибупрофен в комбинации со средствами;Без рецепта
32;DV/X 01547/04/16;19.03.2026;СТОПГРИПАН;Порошок для приготовления раствора для приема внутрь;LTD Rusan Pharma Индия;LTD Rusan Pharma Индия;"ОРЗ и ""простуды"" симптомов средство устранения";Внутрь;N02BE51;Парацетамол в комбинации со средствами (исключая психотропные препараты);Без рецепта
33;DV/M 02473/03/19;Бессрочно;РИНОМАКС® ХОТ ЭФФЕКТ;Порошок для приготовления раствора для приема внутрь;ООО Nika Pharm Узбекистан;ООО Nika Pharm Узбекистан;"Средство для устранения симптомов ОРЗ и ""простуды""";Внутрь;N02BE51;Парацетамол в комбинации со средствами (исключая психотропные препараты);Без рецепта
34;DV/M 01349/03/17;Бессрочно;ФЛУСТОП АКТИВ;Порошок для приготовления раствора;ООО Sharq Darmon Узбекистан;ООО Sharq Darmon Узбекистан;"Средство для устранения симптомов ОРЗ и ""простуды""";Внутрь;N02BE51;Парацетамол в комбинации со средствами (исключая психотропные препараты);Без рецепта
35;DV/X 01846/06/16;05.11.2026;Болекс Хотрем;Порошок для приготовления раствора для приема внутрь;LTD Acme Lifescience Индия;Syren Healthcare Индия;"Средство для устранения симптомов ОРЗ и ""простуды""";Внутрь;N02BE51;Парацетамол в комбинации со средствами (исключая психотропные препараты);Без рецепта
36;DV/X 03553/09/17;20.09.2027;ТАИ КОЛД;Порошок для приготовления раствора для приема внутрь;GM Pharmaceuticals LTD Грузия;GM Pharmaceuticals LTD Грузия;"Средство для устранения симптомов ОРЗ и ""простуды""";Внутрь;N02BE51;Парацетамол в комбинации со средствами (исключая психотропные препараты);Без рецепта
37;DV/X 01655/05/16;25.05.2026;АНТИГРИППИН;Порошок для приготовления раствора для приема внутрь;sp.z.o.o. Natur Product Pharma Польша;ООО Бауш Хелс Российская Федерация;"Средство для устранения симптомов ОРЗ и ""простуды""";Внутрь;N02BE51;Парацетамол в комбинации со средствами (исключая психотропные препараты);Без рецепта
38;DV/M 02474/03/19;Бессрочно;РИНОМАКС® ХОТ;Порошок для приготовления раствора для приема внутрь;ООО Nika Pharm Узбекистан;ООО Nika Pharm Узбекистан;"Средство для устранения симптомов ОРЗ и ""простуды""";Внутрь;N02BE51;Парацетамол в комбинации со средствами (исключая психотропные препараты);Без рецепта
39;DV/X 02103/09/16;11.10.2026;ДОКТОР МОМ®;Пастилки растительные от кашля;Unique Pharmaceutical Laboratories (A.Division of J.B. Chemicals & Pharmaceuticals Limited) LTD Индия;ООО Johnson & Jonson Российская Федерация;"Средство для устранения симптомов ОРЗ и ""простуды""";Внутрь;R05CA10;Отхаркивающие препараты в комбинации;Без рецепта
40;DV/M 03763/03/21;19.03.2026;ТЕТРАФЛЮ ХОТ;Порошок для приготовления раствора для приема внутрь;ООО SPRING PHARMACEUTIC Узбекистан;ООО SPRING PHARMACEUTIC Узбекистан;"Средство для устранения симптомов ОРЗ и ""простуды""";Внутрь;N02BE51;Парацетамол в комбинации со средствами (исключая психотропные препараты);Без рецепта
41;DV/X 08640/02/21;12.02.2026;НОВИ-ГРИП;Таблетки;LTD Maxtar Bio-Genics Индия;Pvt. Ltd. Midway Pharmaceuticals Индия;"Средство для устранения симптомов ОРЗ и ""простуды""";;N02BE51;Парацетамол в комбинации со средствами (исключая психотропные препараты);Без рецепта
42;DV/X 08635/02/21;12.02.2026;УЛЬТРАФЛЮ;Порошок для приготовления раствора для приема внутрь;Ultra Laboratories Pvt. Ltd. Индия;Ultra Laboratories Pvt. Ltd. Индия;"Средство для устранения симптомов ОРЗ и ""простуды""";Внутрь;N02BE51;Парацетамол в комбинации со средствами (исключая психотропные препараты);Без рецепта
43;DV/X 08565/02/21;02.02.2026;ФЕБРИЛ;Сироп;Vivimed Labs LTD Индия;LLP VIV Life Индия;"Средство для устранения симптомов ОРЗ и ""простуды""";Внутрь;N02BE51;Парацетамол в комбинации со средствами (исключая психотропные препараты);Без рецепта
44;DV/X 08957/05/21;25.05.2026;ДЕКСАФЛЮ™;Гранулы для приготовления раствора для приема внутрь;Pvt. Ltd. Archimedis Healthcare Индия;LLC Brand Clipper Соединенные Штаты Америки (США);"Средство для устранения симптомов ОРЗ и ""простуды""";Внутрь;N02BE51;Парацетамол в комбинации со средствами (исключая психотропные препараты);Без рецепта
45;DV/X 09041/06/21;15.06.2026;ИНОМЕД ХОТ;Порошок для приготовления раствора для приема внутрь;Halewood Laboratories Pvt. Ltd. Индия;LLP Life Pharma Systems Великобритания;"Средство для устранения симптомов ОРЗ и ""простуды""";Внутрь;N02BE51;Парацетамол в комбинации со средствами (исключая психотропные препараты);Без рецепта
46;DV/X 09148/07/21;16.07.2026;ТАЙЛОЛ ХОТ® C;Порошок для приготовления раствора для приема внутрь;A.Ş Nobel Ilac Sanayii Ve Ticaret Турция;A.Ş Nobel Ilac Sanayii Ve Ticaret Турция;"Средство для устранения симптомов ОРЗ и ""простуды""";Внутрь;R05X;;Без рецепта
47;DV/X 05874/03/19;30.09.2030;ИНСТИ МАКС;Гранулы;Pvt. Ltd. Herbion Pakistan Пакистан;Pvt. Ltd. Herbion Pakistan Пакистан;"Средство для устранения симптомов ОРЗ и ""простуды""";Внутрь;R05X;;Без рецепта
48;DV/X 09512/12/21;23.12.2026;Афлумед;Порошок для приготовления раствора для приема внутрь;ИП УП Мед-интерпласт Республика Беларусь;ИП УП Мед-интерпласт Республика Беларусь;Средство для устранения симптомов ОРЗ;Внутрь;N02BE51;Парацетамол в комбинации со средствами (исключая психотропные препараты);Без рецепта
49;DV/X 09480/11/21;30.11.2026;РОМИДОН;Порошок для приготовления раствора для приема внутрь;Coral Laboratories LTD Индия;Pvt. Ltd. Avison Pharmaceuticals Индия;"Средство для устранения симптомов ОРЗ и ""простуды""";Внутрь;N02BE71;Парацетамол в комбинации с психотропными средствами;Без рецепта
50;DV/X 09821/04/22;27.04.2027;Гриппомикс с фруктозой;Порошок для приготовления раствора для приема внутрь;СООО Лекфарм, Республика Беларусь;СООО Лекфарм, Республика Беларусь;"ОРЗ и ""простуды"" симптомов средство устранения";Внутрь;N02BE51;Парацетамол в комбинации со средствами (исключая психотропные препараты);Без рецепта
51;DV/X 09304/09/21;10.09.2026;АНВИМАКС;Набор капсул;АО Фармпроект Российская Федерация;ЗАО Сотекс Фармфирма Российская Федерация;"ОРЗ и ""простуды"" симптомов средство устранения";Внутрь;R05X;;Без рецепта
52;DV/M 04111/05/22;13.05.2027;Антигриппин;Таблетки;ЧП Ziyo Nur Farm Узбекистан;ЧП Ziyo Nur Farm Узбекистан;Средство для устранения симптомов ОРЗ;Внутрь;N02BE51;Парацетамол в комбинации со средствами (исключая психотропные препараты);Без рецепта
53;DV/M 04090/04/22;27.04.2027;Афлюколд;Порошок для приготовления раствора;ООО AS-KAM PHARMA Узбекистан;ООО AS-KAM PHARMA Узбекистан;Средство для устранения симптомов ОРЗ;Внутрь;N02BE51;Парацетамол в комбинации со средствами (исключая психотропные препараты);Без рецепта
54;DV/X 10049/08/22;16.08.2027;Свиколиф;Гранулы для приготовления раствора для приема внутрь;Limited Ind-Swift Индия;Limited Ind-Swift Индия;Средство для устранения симптомов ОРЗ;Перорально;N02BE51;Парацетамол в комбинации со средствами (исключая психотропные препараты);Без рецепта
55;DV/X 03359/07/17;28.10.2027;РЕСПИКУР;Таблетки, покрытые пленочной оболочкой;Corona Remedies Pvt. Ltd. Индия;Serene Healthcare Pvt. Ltd. Индия;"Средство для устранения симптомов ОРЗ и ""простуды""";Внутрь;N02BE51;Парацетамол в комбинации со средствами (исключая психотропные препараты);Без рецепта
56;DV/M 04260/09/22;Бессрочно;АНТИГРИППИН;Таблетки;ООО Merrymed Farm Узбекистан;ООО Merrymed Farm Узбекистан;Средство для устранения симптомов ОРЗ;Внутрь;N02BE51;Парацетамол в комбинации со средствами (исключая психотропные препараты);Без рецепта
57;DV/M 04299/10/22;Бессрочно;ВЕЛТИ®;Порошок для приготовления раствора для приема внутрь;ИП ООО Well Med Pharm Узбекистан;ИП ООО Well Med Pharm Узбекистан;"ОРЗ и ""простуды"" симптомов средство устранения";Внутрь;R05;Противокашлевые препараты и средства для лечения простудных заболеваний;Без рецепта
58;DV/M 04450/05/23;18.05.2028;ИНСТМЕР;Порошок для приготовления раствора для приема внутрь;ООО Merrymed Farm Узбекистан;ООО Merrymed Farm Узбекистан;Средство для устранения симптомов ОРЗ;Внутрь;R05X;;Без рецепта
59;DV/M 04666/07/24;Бессрочно;АНТИГРИППИН;Таблетки;ООО Samo Узбекистан;ООО Samo Узбекистан;"ОРЗ и ""простуды"" симптомов средство устранения";Перорально;N02BE01;Парацетамол;Без рецепта
60;DV/M 04625/05/24;Бессрочно;ЦИТОФЛЮ;Порошок для приготовления раствора для приема внутрь;СП ООО Remedy Group2 Узбекистан;LTD Citco Chemicals Англия;Средство для устранения симптомов ОРЗ;Перорально;N02BE51;Парацетамол в комбинации со средствами (исключая психотропные препараты);Без рецепта
61;DV/M 04669/07/24;Бессрочно;Лорингосепт-SMP;Таблетки;ООО SULTON MEDPHARM Узбекистан;SULTON MEDPHARM MCHJ;"Средство для устранения симптомов ОРЗ и ""простуды""";Внутрь;R02AA;Антисептики;Без рецепта
62;DV/X 03713/11/17;14.10.2027;ОРВИколд;Порошок для приготовления раствора для приема внутрь;СООО Лекфарм, Республика Беларусь;СООО Лекфарм, Республика Беларусь;"Средство для устранения симптомов ОРЗ и ""простуды""";Внутрь;N02BE51;Парацетамол в комбинации со средствами (исключая психотропные препараты);Без рецепта
63;DV/X 02108/09/16;04.08.2026;Антифлу® КИДС;Порошок для приготовления раствора для внутреннего применения;Contract Pharmacal Corp. Соединенные Штаты Америки (США);AG Bayer Consumer Care Швейцария;"Средство для устранения симптомов ОРЗ и ""простуды""";Внутривенное;N02BE51;Парацетамол в комбинации со средствами (исключая психотропные препараты);Без рецепта
1;DV/X 05191/10/18;16.09.2029;Алмагель®;Суспензия для приёма внутрь;AD Balkanpharma-Troyan Болгария;AD Balkanpharma-Troyan Болгария;Антацидное средство;Внутрь;A02AX;Антациды в комбинации с другими средствами;Без рецепта
2;DV/X 06258/05/19;15.02.2030;АЛМАГЕЛЬ® А;Суспензия для приёма внутрь;AD Balkanpharma-Troyan Болгария;AD Balkanpharma-Troyan Болгария;Антацидное средство;Внутрь;A02AX;Антациды в комбинации с другими средствами;Без рецепта
3;DV/X 01409/02/16;19.03.2026;МААЛОКС®;Таблетки жевательные;S.p.A Sanofi Aventis Италия;S.p.A Sanofi Aventis Италия;Антацидное средство;Внутрь;A02AX;Антациды в комбинации с другими средствами;Без рецепта
4;DV/X 00055/02/15;15.10.2030;ТАБЛЕТКИ ПЕЧАЕВСКИЕ ОТ ИЗЖОГИ;Таблетки жевательные;ЧАО Технолог Украина;ЧАО Технолог Украина;Препараты для лечения кислотозависимых заболеваний.  Антациды в комбинациях с другими препаратами;Внутрь;A02AX;Антациды в комбинации с другими средствами;Без рецепта
5;DV/X 06163/05/19;15.02.2030;АЛМАГЕЛЬ® НЕО;Суспензия для приёма внутрь;AD Balkanpharma-Troyan Болгария;AD Balkanpharma-Troyan Болгария;Антацидное средство;Внутрь;A02AF02;Простое сочетание солей в комбинации с ветрогонными средствами;Без рецепта
6;DV/X 10389/05/23;05.05.2028;РЕФКОН АДВАНС;Суспензия для внутреннего применения;Vefa Ilaç Sanayi ve Ticaret A. Ş. Турция;Vefa Ilaç Sanayi ve Ticaret A. Ş. Турция;Антацидное средство;Внутрь;A02BX;Другие препараты для лечения язвенной болезни желудка и двенадцатиперстной кишки и ГЭРБ;Без рецепта
7;DV/X 10840/01/25;31.01.2030;Айлайк;Порошок шипучий для приготовления раствора для приёма внутрь;Avantika Medex Pvt. Ltd. Индия;Avantika Medex Pvt. Ltd. Индия;Препараты для лечения заболеваний связанных с нарушением кислотности. Антациды;Внутри пищеводное введения;A02A;Антациды;Без рецепта
8;DV/M 01483/05/17;19.07.2027;АЛЮЗИД;Суспензия;СП ООО Remedy Group Узбекистан;СП ООО Remedy Group Узбекистан;Антацидное средство;Внутрь;A02AX;Антациды в комбинации с другими средствами;Без рецепта
9;DV/X 10388/05/23;05.05.2028;РЕФАЦИД;Суспензия для приёма внутрь;Vefa Ilaç Sanayi ve Ticaret A. Ş. Турция;LTD AVITA Азербайджан;Антацидное средство;Внутрь;A02BX;Другие препараты для лечения язвенной болезни желудка и двенадцатиперстной кишки и ГЭРБ;Без рецепта
10;DV/X 10878/03/25;07.03.2030;Гастал®;Таблетки для рассасывания;d.o.o. PLIVA HRVATSKA Хорватия;Teva Pharmaceutical Industries LTD Израиль;Препараты для лечения заболеваний связанных с нарушением кислотности. Антациды. Комбинация препаратов алюминия, кальция и магния;Внутрь;A02AD01;Простое сочетание солей;Без рецепта
1;DV/M 00739/04/16;23.04.2026;АСКОРУТИН;Таблетки;АО O´zkimyofarm им. С.К. Исламбекова Узбекистан;АО O´zkimyofarm им. С.К. Исламбекова Узбекистан;Витамины;Внутрь;C05CA51;Рутозид в комбинации со средствами;Без рецепта
2;DV/X 03596/09/17;30.09.2027;АСКОРУТИН;Таблетки;ЧАО Технолог Украина;ЧАО Технолог Украина;Витамин;Внутрь;C05CA51;Рутозид в комбинации со средствами;Без рецепта
3;DV/M 00938/08/16;10.09.2026;АСКОРУТИН;Таблетки;ООО Herbal Pharma Узбекистан;ООО Herbal Pharma Узбекистан;Витамины;Внутрь;C05CA51;Рутозид в комбинации со средствами;Без рецепта
4;DV/M 01059/10/16;05.11.2026;АСВИКАП-LIK;Капли для приема внутрь;ООО Lekinterkaps Узбекистан;ООО Lekinterkaps Узбекистан;Витамин;Внутрь;A11AA01;Поливитамины и железо;Без рецепта
5;DV/M 01529/05/17;25.05.2027;ШИПОВНИКА ПЛОДЫ;Лекарственное растительное сырье;ЧП GERBOFARM Узбекистан;ЧП GERBOFARM Узбекистан;Витамин;Внутрь;;;Без рецепта
6;DV/M 01356/03/17;25.05.2027;Неовит В6;Таблетки;ООО ATM Pharm Узбекистан;ООО ATM Pharm Узбекистан;Витамин;Внутрь;A11HA02;Пиридоксин;Без рецепта
7;DV/M 01663/07/17;19.07.2027;АСКОРУТИН;Таблетки;ООО radiks Узбекистан;ООО radiks Узбекистан;Витамин;Внутрь;C05CA51;Рутозид в комбинации со средствами;Без рецепта
8;DV/X 05271/11/18;01.07.2030;АСКОРБИНОВАЯ КИСЛОТА;драже;АО Алтайвитамины Российская Федерация;АО Алтайвитамины Российская Федерация;Витамин;Внутрь;A11GA01;Аскорбиновая кислота;Без рецепта
9;DV/X 03053/06/17;16.06.2027;ФОЛИСПЕЙ;Таблетки;LTD Replek Farm Skopje Македония;LTD Spey Medical Великобритания;Витамин;Внутрь;B03BB01;Фолиевая кислота;Без рецепта
10;DV/M 01829/09/17;14.10.2027;ВИТАМИН Е-LIK;Капсулы;ООО Lekinterkaps Узбекистан;ООО Lekinterkaps Узбекистан;Витамин;Внутрь;A11HA03;Витамин Е;Без рецепта
11;DV/M 02114/05/18;31.05.2029;ТОРИВИТ;Таблетки;ООО Dentafill Plyus2 Узбекистан;DENTAFILL PLYUS MCHJ;Витамин;Внутрь;A11AA;Поливитамины в комбинации с минеральными веществами;Без рецепта
12;DV/M 01828/09/17;02.08.2027;АЕВИТ-LIK;Капсулы;ООО Lekinterkaps Узбекистан;ООО Lekinterkaps Узбекистан;Витамины;Внутрь;A11A;Поливитамины в комбинации со средствами;Без рецепта
13;DV/X 03962/01/18;19.07.2029;ПАНТОГАР®;Капсулы;Acino Pharma AG Швейцария;Merz Pharmaceuticals GmbH Германия;Витамины;Внутрь;A11JC;;Без рецепта
14;DV/X 00898/10/15;30.11.2026;НУТРИ-Д3;Капсулы;Pvt. Ltd. Jyoti Capsules (A Unit of Jyoti Capsulations) Индия;Pvt. Ltd. Shrey Nutraceuticals & Herbals Индия;Витамин;Внутрь;A11CC05;Колекальциферол;Без рецепта
15;DV/X 00618/07/15;12.02.2026;ЗЕНВИТ;Сироп;LTD Rhydburg Pharmaceuticals Индия;LLP Rhydburg Индия;Витамины;Внутрь;A11AA;Поливитамины в комбинации с минеральными веществами;Без рецепта
16;DV/X 02353/11/16;30.11.2026;БЕНЕВРОН БФ;Таблетки покрытые кишечнорастворимой оболочкой;World Medicine Ilac San. ve Tic. A.S. Турция;World Medicine Ilac San. ve Tic. A.S. Турция;Средства, влияющие на пищеварительную систему и метаболизм. Витамины. Простые препараты, содержащие комплекс витаминов группы В.;Внутрь;A11EA;Витамины группы B;Без рецепта
17;DV/X 03877/12/17;31.01.2030;ЕНАТ;Капсулы мягкие желатиновые;Mega Lifesciences Public Company Limited Таиланд;Mega Lifesciences (Australia) Pty Ltd. Австралия;Пищеварительный тракт и обмен веществ. Витамины. Другие витаминные препараты. Витамин Е;Внутрь;A11HA03;Витамин Е;Без рецепта
18;DV/X 03765/11/17;21.12.2027;РЕВИТ;драже;ОАО Марбиофарм Российская Федерация;ОАО Марбиофарм Российская Федерация;Витамин;Внутрь;A11BA;Поливитамины;Без рецепта
19;DV/X 05866/03/19;01.03.2030;Д-ВИТ ЛАМИРА;Таблетки, покрытые пленочной оболочкой;Quest Vitamins Middle East Fze Объединённые Арабские Эмираты;Lamyra LLP Великобритания;Витамин;Внутрь;A11CC05;Колекальциферол;Без рецепта
20;DV/X 03767/11/17;21.12.2027;УНДЕВИТ;драже;ОАО Марбиофарм Российская Федерация;ОАО Марбиофарм Российская Федерация;Витамины;Внутрь;A11BA;Поливитамины;Без рецепта
21;DV/X 02438/11/16;23.12.2026;ЕНАТ;Капсулы;Mega Lifesciences Public Company Limited Таиланд;Mega Lifesciences Public Company Limited Таиланд;Витамин;Внутрь;A11HA03;Витамин Е;Без рецепта
22;DV/X 02354/11/16;30.11.2026;КОЛЕФЕР;Капли для приема внутрь;World Medicine Ilac San. ve Tic. A.S. Турция;World Medicine Ilac San. ve Tic. A.S. Турция;Витамины;Внутрь;A11CB;;Без рецепта
23;DV/X 02773/03/17;04.03.2027;ВОЛВИТ®;Таблетки, покрытые пленочной оболочкой;Kusum Healthcare Pvt. Ltd. Индия;Kusum Healthcare Pvt. Ltd. Индия;Витамины. Биотин;Внутрь;A11HA05;Биотин;Без рецепта
24;DV/X 03766/11/17;21.12.2027;ГЕКСАВИТ;драже;ОАО Марбиофарм Российская Федерация;ОАО Марбиофарм Российская Федерация;Витамины;Внутрь;A11BA;Поливитамины;Без рецепта
25;DV/X 05470/12/18;15.02.2030;АКВАДЕТРИМ® ВИТАМИН Д3;Капли для приема внутрь;Pharmaceutical Works POLPHARMA S.A.Medana Branch in Sieradz Польша;АО Химфарм Республика Казахстан;Витамин Д и его аналоги;Внутрь;A11CC05;Колекальциферол;Без рецепта
26;DV/X 03429/08/17;30.11.2027;ВИТАРИЧ;Таблетки покрытые оболочкой;Saga Lifesciences Limited Индия;LTD SAGA LIFESCIENCES Индия;Витамины;Внутрь;A11AA04;Поливитамины в комбинации с микроэлементами;Без рецепта
27;DV/X 03608/09/17;14.11.2027;АЕВИТ;Капсулы;АО Алтайвитамины Российская Федерация;АО Алтайвитамины Российская Федерация;Витамин;Внутрь;A11JA;;Без рецепта
28;DV/X 02721/02/17;14.02.2027;ПОЛИЖЕН;Капсулы;Co. E.I.P.I Египет;LTD World Medicine Великобритания;Витамины и минералы;Внутрь;A11AB;;Без рецепта
29;DV/X 00266/04/15;19.09.2030;ПИКОВИТ®;Сироп;KRKA, d.d., Novo mesto Словения;KRKA, d.d., Novo mesto Словения;Витамины;Внутрь;A11AA03;Поливитамины в комбинации с другими минералами (включая полиминералы);Без рецепта
30;DV/X 03352/07/17;14.10.2027;САНОВИТ;Сироп для приема внутрь;World Medicine Ilac San. ve Tic. A.S. Турция;World Medicine Ilac San. ve Tic. A.S. Турция;Витамины;Внутрь;A11BA;Поливитамины;Без рецепта
31;DV/X 05469/12/18;30.09.2029;Цевикап®;Капли для приёма внутрь, раствор;Pharmaceutical Works POLPHARMA S.A.Medana Branch in Sieradz Польша;АО Химфарм2 Республика Казахстан;Витамины, препараты витамина С;Внутрь;A11GA01;Аскорбиновая кислота;Без рецепта
32;DV/X 02732/02/17;29.03.2027;МАГНИКУМ;таблетки, покрытые кишечнорастворимой пленочной оболочкой;АО Киевский витаминный завод Украина;АО Киевский витаминный завод Украина;Витамин;Внутрь;A11EC;Витамины группы B в комбинации с минеральными веществами;Без рецепта
33;DV/X 08948/04/21;23.04.2026;ВИОНА® ПРЕНАТАЛ ФОРТЕ;Таблетки покрытые пленочной оболочкой;LTD Medicamen Organics Индия;SR Pharmaceutical Inds Pvt. Ltd. Индия;Витамины;Внутрь;A11AA03;Поливитамины в комбинации с другими минералами (включая полиминералы);Без рецепта
34;DV/X 03594/09/17;08.09.2027;АСКОЦИН®;Таблетки жевательные;Kusum Healthcare Pvt. Ltd. Индия;Kusum Healthcare Pvt. Ltd. Индия;Витамин;Внутрь;A11GB;Аскорбиновая кислота (витамин С) в комбинации со средствами;Без рецепта
35;DV/M 01827/09/17;20.09.2027;ВИТАМИН А-LIK;Капсулы;ООО Lekinterkaps Узбекистан;ООО Lekinterkaps Узбекистан;Витамин;Внутрь;A11CA01;Ретинол;Без рецепта
36;DV/M 03866/08/21;18.08.2026;Витамин Д3;Капли для приема внутрь;ООО Radiks Узбекистан;ООО Radiks Узбекистан;витаминный препарат;Внутрь;;;Без рецепта
37;DV/X 09521/12/21;23.12.2026;Витамин D3 Крка;Таблетки;KRKA, d.d., Novo mesto Словения;KRKA, d.d., Novo mesto' Словения;Средства, влияющие на пищеварительную систему и метаболизм. Витамин D и его аналоги;Внутрь;;;Без рецепта
38;DV/X 08964/05/21;25.05.2026;Цинковит;Таблетки жевательные;Avantika Medex Pvt. Ltd. Индия;Avantika Medex Pvt. Ltd. Индия;Витамины;Внутрь;A11GB;Аскорбиновая кислота (витамин С) в комбинации со средствами;Без рецепта
39;DV/M 04016/12/21;23.12.2026;Аскорутин;Таблетки;ООО Jayxun Invest Узбекистан;ООО Jayxun Invest Узбекистан;Витамин;Внутрь;C05CA51;Рутозид в комбинации со средствами;Без рецепта
40;DV/X 09676/03/22;04.03.2027;Биснова;Сироп;Pvt. Ltd. Enicar Pharmaceuticals Индия;Pvt. Ltd. Zieva Farm Индия;Витамины;Внутрь;A11AA04;Поливитамины в комбинации с микроэлементами;Без рецепта
41;DV/X 09562/12/21;23.12.2026;Детритол;Капли для приема внутрь;Scott-Edil Pharmacia Limited Индия;Scott-Edil Pharmacia Limited Индия;Витамины;Внутрь;A11CC05;Колекальциферол;Без рецепта
42;DV/X 09773/03/22;29.03.2027;Д3-Капс;Капсулы;УП Минскинтеркапс Республика Беларусь;УП Минскинтеркапс Республика Беларусь;Витамин Д и его аналоги. Колекальциферол;Внутрь;A11CC05;Колекальциферол;Без рецепта
43;DV/M 03983/11/21;30.11.2026;АСКОРУТИН;Таблетки;ЧП Ziyo Nur Farm Узбекистан;ЧП Ziyo Nur Farm Узбекистан;Витамин;Внутрь;C05CA51;Рутозид в комбинации со средствами;Без рецепта
44;DV/X 09536/12/21;23.12.2026;Витамин Е-WM;Капсулы;World Medicine Ilac San. ve Tic. A.S. Турция;World Medicine Ilac San. ve Tic. A.S. Турция;Витамины;Внутрь;A11HA03;Витамин Е;Без рецепта
45;DV/X 09823/04/22;27.04.2027;Д3-КАПС УЛЬТРА;Капсулы жевательные;УП Минскинтеркапс Республика Беларусь;УП Минскинтеркапс Республика Беларусь;Витамины;Внутрь;A11CC05;Колекальциферол;Без рецепта
46;DV/M 04122/05/22;25.05.2027;НОБЕВИТ-D®;Таблетки диспергируемые в полости рта;ИП ООО NOBEL PHARMSANOAT MCHJ Узбекистан;ИП ООО NOBEL PHARMSANOAT MCHJ Узбекистан;Витамин;орально;A11CC05;Колекальциферол;Без рецепта
47;DV/X 10000/07/22;19.07.2027;Д3-ВИТ;Капли для приема внутрь;ООО Фармтехнология Беларусь;ООО Фармтехнология Беларусь;Витамины;Внутрь;A11CC05;Колекальциферол;Без рецепта
48;DV/X 09840/04/22;27.04.2027;РОТАФЕР КИДС;Сироп;World Medicine Ilac San. ve Tic.1 A.S. Турция;World Medicine Ilac San. ve Tic.1 A.S. Турция;Витамины и минералы;Внутрь;A11AB;;Без рецепта
49;DV/X 09830/04/22;27.04.2027;АЛПРОВИН ПЛЮС;Таблетки покрытые пленочной оболочкой;Akriti Pharmaceuticals Pvt. Ltd. Индия;Akriti Pharmaceuticals Pvt. Ltd. Индия;Витамины;Внутрь;A11AA03;Поливитамины в комбинации с другими минералами (включая полиминералы);Без рецепта
50;DV/X 09844/04/22;27.04.2027;Д3-КАПС МАКСИМА;Капсулы;УП Минскинтеркапс Республика Беларусь;УП Минскинтеркапс Республика Беларусь;Витамин Д и его аналоги. Колекальциферол;Внутрь;A11CC05;Колекальциферол;Без рецепта
51;DV/X 09794/04/22;13.04.2027;Элевит® Пронаталь;Таблетки покрытые пленочной оболочкой;GmbH Dragenopharm Apotheker Puschl Германия;AG Bayer Consumer Care Швейцария;Витамины и минералы;Внутрь;A11AA03;Поливитамины в комбинации с другими минералами (включая полиминералы);Без рецепта
52;DV/X 09637/02/22;14.02.2027;ДЕВИТ-3;Капли для приема внутрь;DEVA HOLDING A. Ş. Турция;DEVA HOLDING A. Ş. Турция;Витамины;Внутрь;A11CC05;Колекальциферол;Без рецепта
53;DV/X 09941/06/22;29.06.2027;Ривишан;Капсулы мягкие желатиновые;Pvt. Ltd. Medgel Индия;Pvt. Ltd. Isshaan Healthcare Индия;Витамины и минералы;Внутрь;A11JB;;Без рецепта
54;DV/X 09446/11/21;30.11.2026;Назо B12;Спрей назальный дозированный;Troikaa Pharmaceuticals LTD Индия;Troikaa Pharmaceuticals LTD Индия;Витамины;Назальное;B03BA05;Мекобаламин;Без рецепта
55;DV/X 10212/10/22;28.10.2027;Нейромед;Капсулы;ИП УП Мед-интерпласт Республика Беларусь;ИП УП Мед-интерпласт Республика Беларусь;Витамины;Внутрь;A11EA;Витамины группы B;Без рецепта
56;DV/M 01221/12/16;14.02.2027;АСКОРУТИН;Таблетки;ООО Lafz Узбекистан;ООО Lafz Узбекистан;Витамин;Внутрь;C05CA51;Рутозид в комбинации со средствами;Без рецепта
57;DV/X 10324/12/22;21.12.2027;Сандроп Д3;Капли для приема внутрь;World Medicine Ilac San. ve Tic.1 A.S. Турция;World Medicine Ilac San. ve Tic.1 A.S. Турция;Препараты, влияющие на пищеварительный тракт и обмен веществ. Витамины. Витамин D  и его производные. Холекальциферол.;Внутрь;A11CC05;Колекальциферол;Без рецепта
58;DV/X 10267/11/22;30.11.2027;MB6;Таблетки покрытые пленочной оболочкой;Corona Remedies Pvt. Ltd. Индия;Serene Healthcare Pvt. Ltd. Индия;Витамины и минералы;Внутрь;A11JB;;Без рецепта
59;DV/X/TO 10070/08/22;16.08.2027;O-252 Лайф Фактор;Капсулы;Co., Ltd. SUPREME PHARMATECH Таиланд;Co., Ltd. SUPREME PHARMATECH Таиланд;Поливитаминное средство+минералы;Внутрь;;;Без рецепта
60;DV/M 02424/02/19;Бессрочно;АСКОРУТИН;Таблетки;ООО Zunnur SERVIS FARM Узбекистан;ООО Zunnur SERVIS FARM Узбекистан;Витамин;Внутрь;A11GB;Аскорбиновая кислота (витамин С) в комбинации со средствами;Без рецепта
61;DV/X 10386/05/23;05.05.2028;КОЛЕДАН;капсулы;World Medicine Ilac San. ve Tic. A.S. Турция;World Medicine Ilac San. ve Tic. A.S. Турция;Средства, влияющие на пищеварительную систему и метаболизм. Витамин D и его аналоги;Внутрь;A11CC05;Колекальциферол;Без рецепта
62;DV/X 10439/06/23;08.06.2028;АЕВИТ;Капсулы;ЗАО МЕЛИГЕН Фармацевтическое предприятие Российская Федерация;ЗАО МЕЛИГЕН Фармацевтическое предприятие Российская Федерация;Поливитаминное средство;Внутрь;A11JA;;Без рецепта
63;DV/X 10464/06/23;08.06.2028;ВИТАМИН Е;Капсулы;УП Минскинтеркапс Республика Беларусь;УП Минскинтеркапс Республика Беларусь;Витамин;орально;A11HA03;Витамин Е;Без рецепта
64;DV/X 10509/07/23;14.07.2028;Д-Кальцин;Гранулы;World Medicine Ilac San. ve Tic.1 A.S. Турция;World Medicine Ilac San. ve Tic.1 A.S. Турция;Витамины и минералы;Внутрь;A11JB;;Без рецепта
65;DV/M 04910/04/25;Бессрочно;Аскорутин SMP;Таблетки;ООО SULTON MEDPHARM Узбекистан;SULTON MEDPHARM MCHJ;Витамины;Перорально;C05CA51;Рутозид в комбинации со средствами;Без рецепта
66;DV/M 02173/06/18;22.02.2030;ВИТАМИН E-LIK;Капсулы;ООО Lekinterkaps Узбекистан;ООО Lekinterkaps Узбекистан;Витамин;Внутрь;A11HA03;Витамин Е;Без рецепта
67;DV/X 10370/04/23;27.04.2028;Гинсомин ева;Капсулы мягкие желатиновые;Mega Lifesciences Public Company Limited Таиланд;Mega Lifesciences Public Company Limited Таиланд;Витаминно-минеральный комплекс с экстрактом женьшеня;Внутрь;A11AB;;Без рецепта
68;DV/M 02393/12/18;30.09.2030;Элкарнит;Раствор для приема внутрь;ООО Mediofarm Узбекистан;ООО Mediofarm Узбекистан;Витамины и метаболические средства;;A16AA01;Левокарнитин;Без рецепта
69;DV/X/TO 10944/05/25;19.05.2030;В12 Анкерманн;Таблетки покрытые пленочной оболочкой;A.S. Saneca Pharmaceuticals Словакия;Worwag Pharma GmbH & Co. KG Германия;Противоанемическое действие, витамин В12;;B03BA01;Цианокобаламин;Без рецепта
70;DV/M 04136/06/22;16.06.2027;Детривелл baby;Капли для приема внутрь;ООО Mediofarm Узбекистан;ООО Mediofarm Узбекистан;Витамин;Внутрь;A11CC05;Колекальциферол;Без рецепта
71;DV/X 09036/06/21;15.06.2026;ЭМФЕТАЛ;Таблетки покрытые пленочной оболочкой;S.R.L. S.C.World Medicine Europe Румыния;LTD World Medicine Великобритания;Витамины;Внутрь;A11AA;Поливитамины в комбинации с минеральными веществами;Без рецепта
Сурги воситалари;;;;;;;;;;;
1;DV/X 03719/11/17;14.11.2027;ДЮФАЛАК® Mama & Baby;Раствор для приема внутрь;Abbott Biologicals B.V. Нидерланды;Abbott Laboratories GmbH Швейцария;Слабительное средство;Внутрь;A06AD11;Лактулоза;Без рецепта
2;DV/M 00687/03/16;23.04.2026;СЕНАМАКС;Таблетки;ООО Herbal Pharma Узбекистан;ООО Herbal Pharma Узбекистан;Слабительное средство;Внутрь;A06AB06;Сеннозиды А И В;Без рецепта
3;DV/X 02568/01/17;04.03.2027;Дюфалак®;Сироп;Abbott Healthcare Products B.V. Нидерланды;Abbott Laboratories GmbH Швейцария;Слабительное средство;Внутрь;A06AD11;Лактулоза;Без рецепта
4;DV/M 01662/07/17;29.06.2027;ЛАКТУЛОЗА;Сироп;ООО radiks Узбекистан;ООО radiks Узбекистан;Слабительное средство;Внутрь;A06AD11;Лактулоза;Без рецепта
5;DV/M 00186/06/15;Бессрочно;Сенадексин;Таблетки;ООО Dentafill Plyus2 Узбекистан;ООО Dentafill Plyus Узбекистан;Слабительное средство растительного происхождения;Внутрь;A06AB06;Сеннозиды А И В;Без рецепта
6;DV/M 02397/12/18;19.09.2030;КАСТОРОВОЕ МАСЛО-LIK;Жидкость;ООО Lekinterkaps Узбекистан;ООО Lekinterkaps Узбекистан;Слабительное средство;Внутрь;A06AB05;Касторовое масло;Без рецепта
7;DV/M 02909/12/19;Бессрочно;СЕНАДЕКСИН SD;Таблетки;ООО Sharq Darmon Узбекистан;ООО Sharq Darmon Узбекистан;Слабительные средства. Контактные слабительные средства. Сеннозиды А и В;Внутрь;A06AB06;Сеннозиды А И В;Без рецепта
8;DV/X 03226/07/17;05.11.2026;ПЕРИСТАЛИД;Сироп;S.A. Laboratorios Basi Industria Farmaceutica Аргентина;GM Pharmaceuticals LTD Грузия;Слабительное средство;Внутрь;A06AD11;Лактулоза;Без рецепта
9;DV/M 02204/07/18;07.03.2030;MR БИСАКОДИЛ;Суппозитории ректальные;ООО Merrymed Farm Узбекистан;ООО Merrymed Farm Узбекистан;Слабительное средство;Ректальное;A06AB02;Бисакодил;Без рецепта
10;DV/M 02959/12/19;Бессрочно;КАСТОРОВОЕ МАСЛО;Масло;ООО radiks Узбекистан;ООО radiks Узбекистан;Слабительные. Контактные слабительные. Касторовое масло;Внутрь;A06AB05;Касторовое масло;Без рецепта
11;DV/M 01089/10/16;05.11.2026;ЛИКОСЛАБ-LIK;Капли для приема внутрь;ООО Lekinterkaps Узбекистан;ООО Lekinterkaps Узбекистан;Слабительное средство;Внутрь;A06AB08;Натрия пикосульфат;Без рецепта
12;DV/M 01464/04/17;25.05.2027;Салудакс;Капли для приема внутрь;ООО Mediofarm Узбекистан;ООО Mediofarm Узбекистан;Слабительное средство;Внутрь;A06AB08;Натрия пикосульфат;Без рецепта
13;DV/X 03341/07/17;29.06.2027;РАДИРЕКС®;Таблетки;"S.A. Wroclaw Herb Factory ""Herbapol"" Польша";"S.A. Wroclaw Herb Factory ""Herbapol"" Польша";Слабительное средство;Внутрь;A06AB;Контактные слабительные средства;Без рецепта
14;DV/X 03442/08/17;14.10.2027;БИСАКОДИЛ-НИЖФАРМ;Суппозитории ректальные;АО Нижфарм Российская Федерация;АО Нижфарм Российская Федерация;Слабительное средство;Ректальное;A06AB02;Бисакодил;Без рецепта
15;DV/X 05639/01/19;07.03.2030;БИСАКОДИЛ;Суппозитории ректальные;ООО Фармаприм Республика Молдова;ООО Фармаприм Республика Молдова;Слабительное средство;Ректальное;A06AB02;Бисакодил;Без рецепта
16;DV/M 01628/07/17;19.07.2027;MR ГЛИЦЕРИН;Суппозитории ректальные;ООО Merrymed Farm1 Узбекистан;ООО Merrymed Farm1 Узбекистан;Слабительное средство;Ректальное;A06AG04;Глицерол;Без рецепта
17;DV/X 01214/12/15;21.01.2026;ГУТТАЛАКС®;Капли для приёма внутрь, раствор;S.R.L. Istituto De Angeli Италия;АО Санофи Российская Федерация;Слабительное средство;Внутрь;A06AB08;Натрия пикосульфат;Без рецепта
18;DV/M 02307/10/18;19.09.2030;ВАЗЕЛИНОВОЕ МАСЛО-LIK;Жидкость;ООО Lekinterkaps Узбекистан;ООО Lekinterkaps Узбекистан;Слабительное средство;Внутрь;A06;Слабительные средства;Без рецепта
19;DV/M 02279/09/18;Бессрочно;ГЛИЦЕРИН;Суппозитории ректальные;ООО Radiks Узбекистан;ООО Radiks Узбекистан;Слабительное средство;Ректальное;A06AA;Препараты, размягчающие каловые массы;Без рецепта
20;DV/M 02222/07/18;Бессрочно;БИСАКОДИЛ;Суппозитории ректальные;ООО Radiks Узбекистан;ООО Radiks Узбекистан;Слабительное средство;Ректальное;A06AB02;Бисакодил;Без рецепта
21;DV/X 01120/12/15;12.02.2026;МОВИПРЕП®;Порошок для приготовления раствора для приема внутрь;GmbH Takeda Osteurope Holding Австрия;GmbH Takeda Osteurope Holding Австрия;Слабительное средство;Внутрь;A06AD65;Макрогол в комбинации со средствами;Без рецепта
22;DV/X 05112/10/18;31.10.2029;ЛЕГКОЛАКС;Порошок для орального раствора;ПАО Киевмедпрепарат Украина;ПАО Киевмедпрепарат Украина;Слабительные средства. Осмотические слабительные средства. Макрогол;Перорально;A06AD15;Макрогол;Без рецепта
23;DV/X 02698/02/17;13.04.2027;ИСПАХАСК АПЕЛЬСИНОВЫЙ;Гранулы для приготовления суспензии для приёма внутрь;LTD Rusan Pharma Индия;LTD Rusan Pharma Индия;Слабительное средство;Внутрь;A06AC01;Исфагула (подорожника овального или блошного семена);Без рецепта
24;DV/M 02338/11/18;30.04.2030;ГЛИЦЕРИН-LIK;Раствор;ООО Lekinterkaps Узбекистан;ООО Lekinterkaps Узбекистан;Пищеварительный тракт и обмен веществ. Слабителбные средства.  Другие слабительныи средства. Глицерол;;D11AX;Прочие препараты применяемые в дерматологии;Без рецепта
25;DV/M 03816/06/21;15.06.2026;КАСТОРОВОЕ МАСЛО;Масло;ООО Lafz Узбекистан;ООО Lafz Узбекистан;Слабительное средство;Внутрь;A06AB05;Касторовое масло;Без рецепта
26;DV/M 03663/02/21;02.02.2026;ДЮФАЛАКТУЛОЗА;Сироп;ЧП Ziyo Nur Farm Узбекистан;ЧП Ziyo Nur Farm Узбекистан;Слабительное средство;Внутрь;A06AD11;Лактулоза;Без рецепта
27;DV/M 03818/06/21;15.06.2026;КАСТОРОВОЕ МАСЛО;Масло;ЧП Ko'hna Beshrabot Узбекистан;ЧП Ko'hna Beshrabot Узбекистан;Слабительное средство;Внутрь;A06AB05;Касторовое масло;Без рецепта
28;DV/M 03745/03/21;01.03.2026;КАСТОРОВОЕ МАСЛО;Масло;ЧП Ziyo Nur Farm Узбекистан;ЧП Ziyo Nur Farm Узбекистан;Слабительное средство;Внутрь;A06AB05;Касторовое масло;Без рецепта
29;DV/X 09237/08/21;04.08.2026;БИСАКОДИЛ;Суппозитории ректальные;ПАО Монфарм Украина;ООО УКРФАРМЭКСПОРТ Украина;Слабительное средство;;A06AB02;Бисакодил;Без рецепта
30;DV/M 01401/03/17;29.03.2027;СЕНАДЕКСИН;Таблетки;ООО radiks Узбекистан;ООО radiks Узбекистан;Слабительное средство растительного происхождения;;A06AB06;Сеннозиды А И В;Без рецепта
31;DV/M 03930/10/21;11.10.2026;ГЛИЦЕРИН;Жидкость;ООО TANDEM PHARM MCHJ Узбекистан;ООО TANDEM PHARM MCHJ Узбекистан;Слабительное средство;;;;Без рецепта
32;DV/X 09855/05/22;13.05.2027;Глицелакс®;Суппозитории ректальные;ЗАО Московская фармацевтическая фабрика Российская Федерация;ЗАО Московская фармацевтическая фабрика Российская Федерация;Слабительное средство;Ректальное;A06AX01;Глицерол;Без рецепта
33;DV/X 10344/12/22;21.12.2027;ФАРО-ЛАКС;Гранулы для приготовления раствора для приема внутрь;LTD Maneesh Pharmaceuticals Индия;LLP Faromed Lifesciences Индия;Слабительное средство;Внутрь;A06AB58;Натрия пикосульфат в комбинации со средствами;Без рецепта
34;DV/M 04906/03/25;Бессрочно;Бисокадил-SD;Таблетки покрытые пленочной оболочкой;ООО Sharq Darmon Узбекистан;ООО Sharq Darmon Узбекистан;слабительные средства контактного действия;Внутрь;A06AB02;Бисакодил;Без рецепта
35;DV/M 04762/12/24;Бессрочно;ГЛИЦЕРИН SD;Суппозитории ректальные;ООО Sharq Darmon1 Узбекистан;ООО Sharq Darmon1 Узбекистан;Слабительное средство;Ректальное;A06AG04;Глицерол;Без рецепта
36;DV/X 10818/12/24;20.12.2029;Лакс;Капли для приема внутрь;Ветпром АД Болгария;Danhson-BG OOD Болгария;Слабительные средства. Контактные слабительные средства;Внутрь;A06AB08;Натрия пикосульфат;Без рецепта
37;DV/X 04331/05/18;18.11.2029;Свифтолак;Раствор для приема внутрь;Shreya Life Sciences Pvt. Ltd. Индия;Shreya Life Sciences Pvt. Ltd. Индия;Слабительное средство;Внутрь;A06AD11;Лактулоза;Без рецепта
38;DV/X 04486/06/18;22.06.2028;ПИКОЛАКС®;Капли оральные;АО Фармак Украина;АО Фармак Украина;Слабительное средство;Внутрь;A06AB08;Натрия пикосульфат;Без рецепта
39;DV/M 02195/07/18;Бессрочно;БИСАКОДИЛ SD;Суппозитории ректальные;ООО Sharq Darmon Узбекистан;ООО Sharq Darmon Узбекистан;Слабительное средство;Ректальное;A06AB02;Бисакодил;Без рецепта
40;DV/M 04949/05/25;19.05.2030;ГЛИЦЕРИН;Суппозитории ректальные;ООО Pharmacon LLC Узбекистан;ООО Pharmacon LLC Узбекистан;Слабительное средство;Ректальное;A06AX01;Глицерол;Без рецепта
41;DV/M 03957/11/21;05.11.2026;СЕНАДЕКСИН;Таблетки;ЧП Ziyo Nur Farm Узбекистан;ЧП Ziyo Nur Farm Узбекистан;слабительные средства контактного действия;Внутрь;A06AB06;Сеннозиды А И В;Без рецепта
42;DV/X 09335/10/21;11.10.2026;Мовлон;Порошок для приготовления раствора для приема внутрь;Genix Pharma Pvt. Ltd. Пакистан;Genix Pharma Pvt. Ltd. Пакистан;осмотические слабительные средства;Внутрь;A06AD65;Макрогол в комбинации со средствами;Без рецепта
43;DV/M 04933/04/25;Бессрочно;Сенадексин SMP;Таблетки;ООО SULTON MEDPHARM Узбекистан;ООО SULTON MEDPHARM Узбекистан;Пищеварительный тракт и обмен веществ. Слабительные средства. Контактные слабительные средства. Сеннозиды А и В;Перорально;A06AB06;Сеннозиды А И В;Без рецепта
44;DV/M 00063/03/15;Бессрочно;ГЛИЦЕРИН;Суппозитории ректальные;ООО Dentafill Plyus2 Узбекистан;ООО Dentafill Plyus2 Узбекистан;Слабительное средство;Внутрь;A06AX01;Глицерол;Без рецепта
45;DV/M 04996/07/25;Бессрочно;ДЕФИЛАК;Сироп;ООО Dentafill Plyus1 Узбекистан;ООО Dentafill Plyus Узбекистан;Пищеварительный тракт и обмен веществ. Слабительные средства. Осмотические слабительные средства. Лактулоза.;Внутрь;A06AD11;Лактулоза;Без рецепта
46;DV/M 04966/05/25;Бессрочно;ГЛИЦЕРИН;Жидкость;ООО Dentafill Plyus2 Узбекистан;ООО Dentafill Plyus Узбекистан;Пищеварительный тракт и обмен веществ. Слабительные средства. Слабительные средства в клизмах. Глицерол;внутрь и ректальное;A06AX01;Глицерол;Без рецепта
47;DV/M 03066/04/20;Бессрочно;Дюлактулоза;Сироп;ООО Pharmacom Medicine Узбекистан;ООО Pharmacom Medicine Узбекистан;Слабительное средство;Внутрь;A06AD11;Лактулоза;Без рецепта
1;DV/M 02189/07/18;Бессрочно;ПАРАЦЕТАМОЛ;Суппозитории ректальные;ООО radiks Узбекистан;ООО radiks Узбекистан;Анальгетик-антипиретик;Ректальное;N02BE01;Парацетамол;Без рецепта
2;DV/M 01502/05/17;16.06.2027;ТАЙЛОЛ®;Таблетки;ИП ООО Nobel Pharmsanoat Узбекистан;ИП ООО Nobel Pharmsanoat Узбекистан;Анальгетик-антипиретик;Внутрь;N02BE01;Парацетамол;Без рецепта
3;DV/M 01400/03/17;29.03.2027;АНАЛЬГИН;Таблетки;ООО radiks Узбекистан;ООО radiks Узбекистан;Анальгетик-антипиретик;Внутрь;N02BB02;Метамизол натрия;Без рецепта
4;DV/M 01277/01/17;14.02.2027;МЕР ПАРАЦЕТАМОЛ;Суппозитории ректальные;ООО Merrymed Farm Узбекистан;ООО Merrymed Farm Узбекистан;Анальгетическое наркотическое средство;Ректальное;N02BE01;Парацетамол;Без рецепта
5;DV/M 02682/06/19;Бессрочно;ПАРАЦЕТАМОЛ;Суппозитории ректальные;ООО Dentafill Plyus1 Узбекистан;ООО Dentafill Plyus1 Узбекистан;Анальгетики. Другие анальгетики-антипиретики. Анилиды.;Ректальное;N02BE01;Парацетамол;Без рецепта
6;DV/X 06010/03/19;01.03.2030;СПАЗМАЛГОН®;Таблетки;AD Balkanpharma-Dupnitsa Болгария;AD Balkanpharma-Dupnitsa Болгария;"Анальгетики; другие анальгетики и антипиретики; пиразолоны";Внутрь;N02BB;Пиразолоны;Без рецепта
7;DV/X 06578/07/19;28.11.2030;ПАРАЦЕТАМОЛ ДЛЯ ДЕТЕЙ;Сироп;ПАО НПЦ Борщаговский ХФЗ Украина;ПАО НПЦ Борщаговский ХФЗ Украина;Анальгетики и антипиретики;Внутрь;N02BE01;Парацетамол;Без рецепта
8;DV/M 01501/05/17;16.06.2027;ТАЙЛОЛ® ПЛЮС;Таблетки;ИП ООО Nobel Pharmsanoat Узбекистан;ИП ООО Nobel Pharmsanoat Узбекистан;Анальгетик-антипиретик;Внутрь;N02BE01;Парацетамол;Без рецепта
9;DV/M 02913/12/19;Бессрочно;ПАРАЦЕТАМОЛ;Таблетки;ООО Zunnur SERVIS FARM Узбекистан;ООО Zunnur SERVIS FARM Узбекистан;Анальгетик-антипиретик;Внутрь;N02BE01;Парацетамол;Без рецепта
10;DV/M 03047/03/20;19.05.2030;НОВАФЛАМ;Таблетки;СП ООО NOVA PHARM1 Узбекистан;СП ООО NOVA PHARM1 Узбекистан;Анальгетик-антипиретик;Внутрь;M01AE51;Ибупрофен в комбинации со средствами;Без рецепта
11;DV/X 02187/09/16;04.08.2026;ЦИТРАМОН П;Таблетки;АО Ирбитский химфармзавод Российская Федерация;АО Ирбитский химфармзавод Российская Федерация;Анальгетик-антипиретик;Внутрь;N02BA71;Ацетилсалициловая кислота в комбинации с психотропными средствами;Без рецепта
12;DV/M 00601/01/16;12.02.2026;Парацетамол;Таблетки;СП Gufic-Avicenna Узбекистан;СП Gufic-Avicenna Узбекистан;Анальгетик-антипиретик;Внутрь;N02BE01;Парацетамол;Без рецепта
13;DV/X 03012/05/17;25.05.2027;ТЕМПАЛГИН®;Таблетки покрытые оболочкой;Sopharma AD Болгария;Sopharma AD Болгария;Анальгетик-антипиретик;Внутрь;N02BB72;Метамизол натрия в комбинации с психотропными средствами;Без рецепта
14;DV/M 02886/11/19;Бессрочно;ФЛУСТОП;Таблетки;ООО Sharq Darmon Узбекистан;ООО Sharq Darmon Узбекистан;Анальгетики. Другие анальгетики и интипиретики. Анилиды;Внутрь;N02BE51;Парацетамол в комбинации со средствами (исключая психотропные препараты);Без рецепта
15;DV/M 01314/02/17;04.03.2027;ТРИАЛГИН®;Таблетки;ООО Nika Pharm Узбекистан;ООО Nika Pharm Узбекистан;Анальгетик-антипиретик;Внутрь;N02BE51;Парацетамол в комбинации со средствами (исключая психотропные препараты);Без рецепта
16;DV/X 01857/06/16;16.07.2026;ТРИМОЛ®;Таблетки;Ajanta Pharma Limited Индия;Ajanta Pharma Limited Индия;Анальгетик-антипиретик;Внутрь;N02BE71;Парацетамол в комбинации с психотропными средствами;Без рецепта
17;DV/X 03487/08/17;16.08.2027;Грипхот™;Гранулы шипучие;Drogsan Ilaclari San. ve Tic A.S. Турция;Drogsan Ilaclari San. ve Tic A.S. Турция;Анальгетик-антипиретик;Внутрь;N02BE51;Парацетамол в комбинации со средствами (исключая психотропные препараты);Без рецепта
18;DV/X 01040/11/15;29.12.2025;АСКОФЕН-П®;Таблетки;ОАО Фармстандарт-Лексредства Российская Федерация;АО Отисифарм Российская Федерация;Анальгетик-антипиретик;Внутрь;N02BA71;Ацетилсалициловая кислота в комбинации с психотропными средствами;Без рецепта
19;DV/X 02003/08/16;19.03.2026;БОЛНОЛ ПЛЮС;Суспензия для приема внутрь;LTD Lincoln Pharmaceuticals Индия;Pvt. Ltd. Isshaan Healthcare Индия;Анальгетик-антипиретик;Внутрь;M01AE51;Ибупрофен в комбинации со средствами;Без рецепта
20;DV/X 06861/09/19;27.08.2029;ТАЙЛОЛФЕН ХОТ®;Порошок для приготовления раствора для приема внутрь;A.Ş Nobel Ilac Sanayii Ve Ticaret Турция;A.Ş Nobel Ilac Sanayii Ve Ticaret Турция;Комбинированный анальгетик-антипиретик;Внутрь;N02BE51;Парацетамол в комбинации со средствами (исключая психотропные препараты);Без рецепта
21;DV/X 07275/12/19;30.05.2030;"ТЕРАФЛЮ ПРИ ГРИППЕ И ""ПРОСТУДЕ""";Порошок для приготовления раствора для приема внутрь;Delpharm Orleans Франция;Haleon CH SARL Швейцария;Нервная  система. Анальгетики. Другие анальгетики-антипиретики. Анилиды. Парацетамол, комбинации исключая психолептики.;Внутрь;N02BE51;Парацетамол в комбинации со средствами (исключая психотропные препараты);Без рецепта
22;DV/X 07262/12/19;19.05.2030;"ТЕРАФЛЮ ЭКСТРА ЛИМОН ПРИ ГРИППЕ И ""ПРОСТУДЕ""";Порошок для приготовления раствора для приема внутрь;Delpharm Orleans Франция;Haleon CH SARL Швейцария;Нервная  система. Анальгетики. Другие анальгетики-антипиретики. Анилиды. Парацетамол, комбинации исключая психолептики.;Внутрь;N02BE51;Парацетамол в комбинации со средствами (исключая психотропные препараты);Без рецепта
23;DV/X 09077/06/21;15.06.2026;СОЛПАДЕИН АКТИВ;Таблетки растворимые;LTD GlaxoSmithKline Dungarvan Ирландия;GlaxoSmithKline Consumer Healthcare (UK) Trading Limited Великобритания;Анальгетик-антипиретик;Внутрь;N02BE51;Парацетамол в комбинации со средствами (исключая психотропные препараты);Без рецепта
24;DV/M 03710/02/21;12.02.2026;ПАРАЦЕТАМОЛ;Таблетки;ООО Jayxun Invest Узбекистан;ООО Jayxun Invest Узбекистан;Анальгетик-антипиретик;Внутрь;N02BE01;Парацетамол;Без рецепта
25;DV/X 09310/09/21;10.09.2026;Парацетамол;Таблетки;MEDIPHARCO PHARMACEUTICAL JOINT STOCK COMPANY Вьетнам;ООО УКРФАРМЭКСПОРТ Украина;Анальгетик-антипиретик;;N02BE01;Парацетамол;Без рецепта
26;DV/M 03850/08/21;04.08.2026;ПАРАЦЕТАМОЛ-НИКА;Таблетки;ООО Nika Pharm Узбекистан;ООО Nika Pharm Узбекистан;Анальгетик-антипиретик;Внутрь;;;Без рецепта
27;DV/X 09254/08/21;04.08.2026;День и ночь;Таблетки покрытые оболочкой, Таблетки с пролонгированным высвобождением;LTD Medical Union Pharmaceuticals Египет;LTD Medical Union Pharmaceuticals Египет;Анальгетики;Внутрь;N02BE51;Парацетамол в комбинации со средствами (исключая психотропные препараты);Без рецепта
28;DV/X 09969/06/22;29.06.2027;Анальгин;Таблетки;АО Усолье-Сибирский химфармзавод Российская Федерация;АО Усолье-Сибирский химфармзавод Российская Федерация;Анальгетик-антипиретик;Внутрь;N02BB02;Метамизол натрия;Без рецепта
29;DV/X 09999/07/22;19.07.2027;ТАЙЛОЛ®;Суспензия;АО Нобел Алматинская Фармацевтическая Фабрика Казахстан;АО Нобел Алматинская Фармацевтическая Фабрика Казахстан;Анальгетик-антипиретик;Внутрь;N02BE01;Парацетамол;Без рецепта
30;DV/X 10036/08/22;02.08.2027;Парацетамол;Таблетки;АО Усолье-Сибирский химфармзавод Российская Федерация;АО Усолье-Сибирский химфармзавод Российская Федерация;Анальгетик-антипиретик;Внутрь;N02BE01;Парацетамол;Без рецепта
31;DV/X 09661/03/22;04.03.2027;Болнол Диет;Суспензия;Pvt. Ltd. Sotac Pharmaceuticals Индия;Pvt. Ltd. Isshaan Healthcare Индия;Анальгетик-антипиретик;Внутрь;M01AE51;Ибупрофен в комбинации со средствами;Без рецепта
32;DV/M 04188/07/22;Бессрочно;Парацетамол;Таблетки;ЧП Ziyo Nur Farm Узбекистан;ЧП Ziyo Nur Farm Узбекистан;Анальгетик-антипиретик;Внутрь;N02BE01;Парацетамол;Без рецепта
33;DV/M 04056/03/22;29.03.2027;ТРИМОЛИН-СИП;Таблетки;ООО SPRING PHARMACEUTIC Узбекистан;ООО SPRING PHARMACEUTIC Узбекистан;Анальгетик-антипиретик;Внутрь;N02BE71;Парацетамол в комбинации с психотропными средствами;Без рецепта
34;DV/M 04028/02/22;14.02.2027;Парацетамол-АК;Таблетки;ООО AS-KAM PHARMA Узбекистан;ООО AS-KAM PHARMA Узбекистан;Анальгетик-антипиретик;Перорально;N02BE01;Парацетамол;Без рецепта
35;DV/X 05316/11/18;31.01.2030;ОТИСФЕН;Капли ушные;ООО Рубикон Беларусь;ООО Рубикон Беларусь;Препарат для лечения заболевания уха. Анальгетики и анестетики;Местное;S02DA30;Препараты для лечения отологический заболеваний другие в комбинации;Без рецепта
36;DV/M 04308/11/22;Бессрочно;Пара-Кидс;Суспензия для приема внутрь;СП ООО NOVA PHARM1 Узбекистан;СП ООО NOVA PHARM1 Узбекистан;Анальгетик-антипиретик;Внутрь;N02BE01;Парацетамол;Без рецепта
37;DV/X 09998/07/22;19.07.2027;ТАЙЛОЛ® 6-ПЛЮС;Суспензия;АО Нобел Алматинская Фармацевтическая Фабрика Казахстан;АО Нобел Алматинская Фармацевтическая Фабрика Казахстан;Анальгетик-антипиретик;Внутрь;N02BE01;Парацетамол;Без рецепта
38;DV/M 04448/05/23;18.05.2028;Цитрамон-SEEM;Таблетки;СП ООО SAMARKAND-ENGLAND ECO-MEDICAL Узбекистан;СП ООО SAMARKAND-ENGLAND ECO-MEDICAL Узбекистан;Анальгетическое ненаркотическое средство;Внутривенное;N02BA71;Ацетилсалициловая кислота в комбинации с психотропными средствами;Без рецепта
39;DV/X 10442/06/23;08.06.2028;Реналган;Таблетки;ЧАО Лекхим-Харьков Украина;ЧАО Лекхим-Харьков Украина;Спазмолитические средства в комбинации с анальгетиками;Перорально;A03DA02;Питофенон и анальгетики;Без рецепта
40;DV/X 04546/06/18;01.07.2030;ЭФФЕКТ СИП®;Порошок для приготовления раствора для приема внутрь;LTD Rusan Pharma Индия;LTD Rusan Pharma Индия;Нервная система. Анальгетики. Анилиды.;Внутрь;N02BE51;Парацетамол в комбинации со средствами (исключая психотропные препараты);Без рецепта
41;DV/M 04974/06/25;Бессрочно;ЦИТРАМОН-П;Таблетки;ООО Samo Узбекистан;ООО Samo Узбекистан;Анальгетики;Перорально;N02BA51;Ацетилсалициловая кислота в комбинации со средствами (исключая психотропные препараты);Без рецепта
42;DV/X 04776/07/18;15.10.2030;ИБУФАСТ®;Таблетки;Pvt. Ltd. Artura Pharmaceuticals Индия;Pvt. Ltd. Triumph Lifesciences Индия;Анальгетик-антипиретик;Внутрь;N02BE51;Парацетамол в комбинации со средствами (исключая психотропные препараты);Без рецепта
43;DV/X 04777/07/18;13.08.2030;КОЛДРИЛИФ®;Таблетки;Pvt. Ltd. Artura Pharmaceuticals Индия;Pvt. Ltd. Triumph Lifesciences Индия;Анальгетик-антипиретик;Внутрь;N02BE51;Парацетамол в комбинации со средствами (исключая психотропные препараты);Без рецепта
44;DV/M 04621/04/24;Бессрочно;Цитрамон П;Таблетки;ООО SULTON MEDPHARM Узбекистан;SULTON MEDPHARM MCHJ;Анальгетик-антипиретик;Перорально;N02BA71;Ацетилсалициловая кислота в комбинации с психотропными средствами;Без рецепта
45;DV/M 04665/07/24;Бессрочно;Парацетамол;Таблетки;ООО Samo Узбекистан;ООО Samo Узбекистан;Анальгетик-антипиретик;Внутрь;N02BE01;Парацетамол;Без рецепта
46;DV/X 09652/02/22;14.02.2027;ФОНИПАР;Таблетки;Ratnatris Pharmaceutials Pvt. Ltd. Индия;Ratnatris Pharmaceutials Pvt. Ltd. Индия;Анальгетик-антипиретик;Перорально;N02BE51;Парацетамол в комбинации со средствами (исключая психотропные препараты);Без рецепта
47;DV/M 03716/02/21;12.02.2026;ПАРАЦЕТАМОЛ;Таблетки;ООО Malika Laboratories Узбекистан;ООО Malika Laboratories Узбекистан;Анальгетик-антипиретик;Внутрь;N02BE01;Парацетамол;Без рецепта
48;DV/M 04925/04/25;Бессрочно;РИНОМАКС® KIDS;Порошок для приготовления раствора для приема внутрь;ООО Nika Pharm Узбекистан;ООО Nika Pharm Узбекистан;Другие анальгетики и антипиретики. Анилиды. Парацетамол в комбинации с другими средствами, исключая психолептики;;N02BE51;Парацетамол в комбинации со средствами (исключая психотропные препараты);Без рецепта
49;DV/M 02903/12/19;Бессрочно;Февалган;Сироп для приема внутрь;СП ООО Jurabek Laboratories Узбекистан;СП ООО Jurabek Laboratories Узбекистан;Анальгетик-антипиретик;Внутрь;N02BE01;Парацетамол;Без рецепта
50;DV/X/TO 10648/05/24;24.05.2029;Нодорил Форте;Таблетки;Meditop Pharmaceutical LTD Венгрия;Meditop Pharmaceutical LTD Венгрия;Анальгетики и антипиретики;Внутрь;;;Без рецепта
51;DV/X/TO 10647/05/24;24.05.2029;Нодорил Доло;Таблетки;Meditop Pharmaceutical LTD Венгрия;Meditop Pharmaceutical LTD Венгрия;Анальгетики и антипиретики;Внутрь;;;Без рецепта
52;DV/M 05079/08/25;Бессрочно;ПАРАЦЕТАМОЛ;Сироп;ООО Dentafill Plyus3 Узбекистан;ООО Dentafill Plyus Узбекистан;Нервная система. Анальгетики Другие анальгетики и антипиретики. Анилиды. Парацетамол;Перорально;N02BE01;Парацетамол;Без рецепта
53;DV/M 04599/02/24;Бессрочно;Парацетамол;Таблетки;ООО SULTON MEDPHARM Узбекистан;SULTON MEDPHARM MCHJ;Анальгетическое ненаркотическое средство;Перорально;N02BE01;Парацетамол;Без рецепта
54;DV/X 02324/10/16;04.08.2026;УПСАРИН УПСА;Таблетки шипучие;UPSA SAS Франция;UPSA SAS Франция;Анальгетик-антипиретик;Внутрь;A01AD05;Ацетилсалициловая кислота;Без рецепта
55;DV/M 04447/05/23;18.05.2028;Парацетамол·БИО;Таблетки;ООО A.B.-Biokom Узбекистан;ООО A.B.-Biokom Узбекистан;Анальгетик-антипиретик;Внутрь;N02BE01;Парацетамол;Без рецепта
1;DV/M 00930/07/16;18.08.2026;СПИРТ ЭТИЛОВЫЙ МЕДИЦИНСКИЙ;Раствор;ЧП Aktash Узбекистан;ЧП Aktash Узбекистан;Антисептическое и дезинфицирующее средство;Накожное введение (наружное);D08AX;Другие антисептики и дезинфицирующие средства;Без рецепта
2;DV/M 01121/11/16;14.02.2027;ЙОД;Раствор для наружного применения;ООО Lafz Узбекистан;ООО Lafz Узбекистан;Антисептическое и дезинфицирующее средство;внутрь, местно и наружно;D08AG03;Йод;Без рецепта
3;DV/M 00729/04/16;19.03.2026;ВОДОРОДА ПЕРЕКИСИ;Раствор;ООО Lafz Узбекистан;ООО Lafz Узбекистан;Антисептическое средство;Накожное введение (наружное);D08AX01;Водорода пероксид;Без рецепта
4;DV/M 01503/05/17;13.05.2027;ЙОД;Раствор спиртовой;ООО Radiks Узбекистан;ООО Radiks Узбекистан;Антисептическое средство;Накожное введение (наружное);D08AG03;Йод;Без рецепта
5;DV/M 01136/11/16;30.11.2026;СПИРТ ЭТИЛОВЫЙ МЕДИЦИНСКИЙ;Жидкость для наружного применения;ООО Merrymed Farm1 Узбекистан;ООО Merrymed Farm1 Узбекистан;Антисептическое средство;Накожное введение (наружное);D08AX;Другие антисептики и дезинфицирующие средства;Без рецепта
6;DV/M 00417/11/15;21.01.2026;ЙОД;Раствор для местного и наружного применения;ООО Kamol Med Farm Узбекистан;ООО Каmol Med Farm Узбекистан;Антисептическое средство;Накожное введение (наружное);D08AG03;Йод;Без рецепта
7;DV/X 04150/03/18;28.06.2029;МИРАМИСТИН®;Раствор для наружного применения;"ЧАО ""Фармацевтическая фирма ""Дарница"" Украина";"ЧАО ""Фармацевтическая фирма ""Дарница"" Украина";Антисептическое и дезинфицирующее средство;Местное;D08AJ;Четвертичные аммониевые соединения;Без рецепта
8;DV/M 00904/07/16;18.08.2026;САЛИЦИЛОВАЯ КИСЛОТА;Раствор спиртовой;ЧП Ziyo Nur Farm Узбекистан;ЧП Ziyo Nur Farm Узбекистан;Антисептическое средство;Накожное введение (наружное);D01AE12;Салициловая кислота;Без рецепта
9;DV/M 00807/05/16;15.06.2026;СПИРТ ЭТИЛОВЫЙ МЕДИЦИНСКИЙ 70%;Жидкость для наружного применения;ООО MEDICAL MAX PHARM Узбекистан;ООО MEDICAL MAX PHARM Узбекистан;Антисептическое и дезинфицирующее средство;Накожное введение (наружное);D08AX08;Этанол;Без рецепта
10;DV/X 06140/05/19;31.01.2030;Декасан®;Раствор;ООО Юрия-Фарм Украина;ООО Юрия-Фарм Украина;Препараты, применяемые в дерматологии. Антисептики и дезинфицирующие препараты. Четвертичные аммониевые соединения. Декаметоксин;Наружный, ингаляционный, вагинальный;D08AJ10;Декаметоксин;Без рецепта
11;DV/M 01516/05/17;19.07.2027;КАЛЕНДУЛЫ НАСТОЙКА;Настойка;ЧП Ziyo Nur Farm Узбекистан;ЧП Ziyo Nur Farm Узбекистан;Антисептическое и противовоспалительное средство растительного происхождения;для наружного и внутреннего применении;R02AA;Антисептики;Без рецепта
12;DV/M 01819/09/17;29.11.2027;БОРНАЯ КИСЛОТА;Раствор для наружного применения;ООО Mediofarm Узбекистан;ООО Mediofarm Узбекистан;Антисептическое и дезинфицирующее средство;Местное;S02AA03;Борная кислота;Без рецепта
13;DV/M 02105/05/18;Бессрочно;ГЕКСИДИН SD;Суппозитории вагинальные;ООО Sharq Darmon Узбекистан;ООО Sharq Darmon Узбекистан;Противомикробные средства и антисептики, применяемые в гинекологии. Противомикробные средства и антисептики, кроме комбинаций с кортикостероидами. Другие противомикробные средства и антисептики;Влагалищное;D08AC02;Хлоргексидин;Без рецепта
14;DV/X 04009/02/18;14.07.2028;БЕТАДИН®;Суппозитории вагинальные;ЗАО Фармацевтический завод ЭГИС Венгрия;Egis Pharmaceuticals PLC Венгрия;Антисептики и противомикробные препараты для лечения гинекологических заболеваний (исключая комбинации с кортикостероидами). Прочие антисептики и противомикробные препараты для лечения гинекологических заболеваний;Местное;D08AG02;Повидон-йод;Без рецепта
15;DV/M 02710/08/19;13.08.2029;ПЕРЕКИСЬ ВОДОРОДА РАСТВОР 3%;Раствор;ООО Dentafill Plyus Узбекистан;ООО Dentafill Plyus Узбекистан;Антисептическое и дезинфицирующее средство;Накожное введение (наружное);D08AX01;Водорода пероксид;Без рецепта
16;DV/M 01762/08/17;Бессрочно;СПИРТ ЭТИЛОВЫЙ МЕДИЦИНСКИЙ 70%;Жидкость для наружного применения;ООО Radiks Узбекистан;ООО Radiks Узбекистан;Антисептическое и дезинфицирующее средство;Накожное введение (наружное);D08AX;Другие антисептики и дезинфицирующие средства;Без рецепта
17;DV/X 05726/02/19;19.05.2030;ПОВИДОН-ЙОДИН;Суппозитории вагинальные;ООО Фармаприм Республика Молдова;ООО Фармаприм Республика Молдова;Противомикробные и антисептические средства, применяемые в гинекологии (за исключением комбинированных препаратов, содержащих кортикостероиды). Другие противомикробные и антисептические средства.;Вагинально;G01AX11;Повидон-йод;Без рецепта
18;DV/M 00677/03/16;19.03.2026;СПИРТ ЭТИЛОВЫЙ МЕДИЦИНСКИЙ;Раствор для местного и наружного применения;ООО Lekinterkaps Узбекистан;ООО Lekinterkaps Узбекистан;Антисептическое средство;Накожное введение (наружное);D08AX08;Этанол;Без рецепта
19;DV/M 03001/02/20;Бессрочно;БОРНАЯ КИСЛОТА;Раствор спиртовой;ООО radiks Узбекистан;ООО Radiks Узбекистан;Препараты для лечения заболеваний кожи. Антисептики и дезинфицирующие препараты. Препараты борной кислоты;Накожное введение (наружное);D08AD;;Без рецепта
20;DV/M 01120/11/16;14.02.2027;БРИЛЛИАНТОВЫЙ ЗЕЛЕНЫЙ;Раствор спиртовой;ООО Lafz Узбекистан;ООО Lafz Узбекистан;Антисептическое и дезинфицирующее средство;Местное;D08AX;Другие антисептики и дезинфицирующие средства;Без рецепта
21;DV/M 00146/05/15;Бессрочно;ИХТИОЛОВАЯ-MR;Мазь;ООО Merrymed Farm Узбекистан;ООО Merrymed Farm Узбекистан;Антисептическое средство;Накожное введение (наружное);D10BX01;Ихтаммол;Без рецепта
22;DV/M 02481/03/19;01.03.2030;СЕПТУМ;Раствор для наружного применения;СП ООО Jurabek Laboratories Узбекистан;СП ООО Jurabek Laboratories Узбекистан;Антисептическое средство;Накожное введение (наружное);D08AC02;Хлоргексидин;Без рецепта
23;DV/M 00016/01/15;27.08.2029;ИХТИОЛ;Мазь;ООО Dentafill Plyus2 Узбекистан;ООО Dentafill Plyus2 Узбекистан;Антибиотик+антисептическое средство;;D10BX01;Ихтаммол;Без рецепта
24;DV/M 00306/09/15;21.01.2026;ЛИНИМЕНТ БАЛЬЗАМИЧЕСКИЙ ПО ВИШНЕВСКОМУ;Линимент;СП ООО REMEDY Узбекистан;СП ООО REMEDY Узбекистан;Антисептическое средство;Накожное введение (наружное);D08AX;Другие антисептики и дезинфицирующие средства;Без рецепта
25;DV/M 00314/09/15;29.12.2025;ЛЮГОЛЯ РАСТВОР С ГЛИЦЕРИНОМ;Раствор;"СП ООО Узбекско-Британское ""REMEDY"" Узбекистан";"СП ООО Узбекско-Британское ""REMEDY"" Узбекистан";Антисептическое средство;для наружного и внутреннего применении;D08A;Антисептики и дезинфицирующие средства;Без рецепта
26;DV/M 00311/09/15;29.12.2025;БОРОМЕНТОЛ;Мазь;"СП ООО Узбекско-Британское ""REMEDY"" Узбекистан";СП ООО Remedy Group Узбекистан;Антисептическое средство;Накожное введение (наружное);D08AX;Другие антисептики и дезинфицирующие средства;Без рецепта
27;DV/X 01737/05/16;15.06.2026;ЛИНИМЕНТ БАЛЬЗАМИЧЕСКИЙ ПО ВИШНЕВСКОМУ;Линимент;ПАО НПЦ Борщаговский ХФЗ Украина;ПАО НПЦ Борщаговский ХФЗ Украина;Антисептическое средство;Накожное введение (наружное);D08AX;Другие антисептики и дезинфицирующие средства;Без рецепта
28;DV/X 01677/05/16;15.06.2026;ЛИНИМЕНТ БАЛЬЗАМИЧЕСКИЙ ПО ВИШНЕВСКОМУ;Линимент;"Открытое акционерное общество ""Борисовский завод медицинских препаратов"" Республика Беларусь";"Открытое акционерное общество ""Борисовский завод медицинских препаратов"" Республика Беларусь";Антисептическое средство;Накожное введение (наружное);D08AX;Другие антисептики и дезинфицирующие средства;Без рецепта
29;DV/X 06678/08/19;05.04.2030;ГРАММИДИН®ДЕТСКИЙ;Таблетки для рассасывания;АО Валента Фарм Российская Федерация;АО Валента Фарм Российская Федерация;Антибиотик+антисептическое средство;Внутрь;R02AB30;Грамицидин;Без рецепта
30;DV/M 00056/03/15;Бессрочно;КЛОТРИМАЗОЛ;Суппозитории вагинальные;ООО Dentafill Plyus Узбекистан;DENTAFILL PLYUS MCHJ;Антисептическое и противомикробное средство;Вагинально;D01AC01;Клотримазол;Без рецепта
31;DV/X 03537/09/17;02.08.2027;Цитеал®;Раствор для наружного применения;Pierre Fabre Medicament Production Франция;Pierre Fabre Medicament Production Франция;Антисептическое средство;Для наружного применения;D08AC52;Хлоргексидин в комбинации со средствами;Без рецепта
32;DV/X 03910/01/18;21.12.2027;ЛИЗОБАКТ®;Таблетки для рассасывания;JSC Bosnalijek Босния и Герцеговина;JSC Bosnalijek Босния и Герцеговина;препараты для лечения заболеваний горла. антисептическое средство;Внутрь;R02AA20;Прочие антисептики;Без рецепта
33;DV/X 02952/05/17;13.05.2027;ПАФЕСАН;Спрей для горла;World Medicine Ilac San. ve Tic. A.S. Турция;World Medicine Ilac San. ve Tic. A.S. Турция;Антисептическое средство;Внутрь;R02AA20;Прочие антисептики;Без рецепта
34;DV/X 04209/03/18;20.12.2029;ДЕБАРА-ВМ;Спрей для слизистой оболочки полости рта и горла;World Medicine Ilac San. ve Tic. A.S. Турция;World Medicine İlaç San. ve Tic. A.Ş Турция;Средства, действующие на респираторную систему. Препараты, применяемые при заболеваниях горла. Антисептики;Местное;R02AA02;Деквалиния хлорид;Без рецепта
35;DV/M 01450/04/17;27.04.2027;БРИЛЛИАНТОВЫЙ ЗЕЛЕНЫЙ;Раствор спиртовой;ЧП Ziyo Nur Farm Узбекистан;ЧП Ziyo Nur Farm Узбекистан;Антисептическое средство;для наружного и местного применения;D08AX;Другие антисептики и дезинфицирующие средства;Без рецепта
36;DV/X 06030/03/19;18.11.2029;ДЕПАНТОЛ®;Суппозитории вагинальные;АО Нижфарм Российская Федерация;АО Нижфарм Российская Федерация;Антисептики и противомикробные препараты для лечения гинекологических заболеваний (исключая комбинации с кортикостероидами). Прочие антисептики и противомикробные препараты для лечения гинекологических заболеваний;Внутри маточное;G01AX;Другие противомикробные препараты и антисептики;Без рецепта
37;DV/X 03609/09/17;14.11.2027;ЛИНИМЕНТ БАЛЬЗАМИЧЕСКИЙ ПО ВИШНЕВСКОМУ;Линимент;АО Алтайвитамины Российская Федерация;АО Алтайвитамины Российская Федерация;Антисептическое средство;Накожное введение (наружное);D08AX;Другие антисептики и дезинфицирующие средства;Без рецепта
38;DV/M 01442/04/17;13.04.2027;БРИЛЛИАНТОВЫЙ ЗЕЛЕНЫЙ;Раствор спиртовой;ООО Radiks Узбекистан;ООО Radiks Узбекистан;Антисептическое средство;для наружного и местного применения;D08AX;Другие антисептики и дезинфицирующие средства;Без рецепта
39;DV/M 01443/04/17;13.04.2027;БРИЛЛИАНТОВЫЙ ЗЕЛЕНЫЙ;Раствор спиртовой;ООО Radiks Узбекистан;ООО Radiks Узбекистан;Антисептическое средство;для наружного и местного применения;D08AX;Другие антисептики и дезинфицирующие средства;Без рецепта
40;DV/X 01581/04/16;09.04.2026;ДЕРМОБАКТЕР®;Раствор для наружного и местного применения;Innothera Chouzy Франция;Laboratoire Innotech International Франция;Антисептическое средство;для наружного и местного применения;D08AC52;Хлоргексидин в комбинации со средствами;Без рецепта
41;DV/X 05162/10/18;30.09.2030;ПАНТЕСЕПТ;Суппозитории вагинальные;ООО Рубикон Беларусь;ООО Рубикон Беларусь;Антисептическое средство;Влагалищное;G01AX;Другие противомикробные препараты и антисептики;Без рецепта
42;DV/X 05120/10/18;31.10.2029;ДЕБАРА;Таблетки для рассасывания;World Medicine Ilac San. ve Tic. A.S. Турция;World Medicine Ilac San. ve Tic. A.S. Турция;Препараты для лечения заболеваний горла. Антисептика. Прочие препараты;Внутрь;R02A;Препараты для лечения заболеваний горла;Без рецепта
43;DV/X 03461/08/17;14.10.2027;ТЕЙМУРОВА ПАСТА;Паста для наружного применения;ЗАО «Зеленая Дубрава» Российская Федерация;ЗАО «Зеленая Дубрава» Российская Федерация;Антибиотик+антисептическое средство;Накожное введение (наружное);D08AD;;Без рецепта
44;DV/X 03460/08/17;14.10.2027;ЛИНИМЕНТ БАЛЬЗАМИЧЕСКИЙ ПО ВИШНЕВСКОМУ;Линимент;ЗАО «Зеленая Дубрава» Российская Федерация;ЗАО «Зеленая Дубрава» Российская Федерация;Антисептическое средство;Накожное введение (наружное);D08AX;Другие антисептики и дезинфицирующие средства;Без рецепта
45;DV/M 01705/08/17;29.11.2027;КАСТЕЛЯН-MF;Раствор;ООО Mediofarm Узбекистан;ООО Mediofarm Узбекистан;Антисептическое средство;Местное;D08AD;;Без рецепта
46;DV/X 05462/12/18;13.08.2030;ГИДРОПЕРИТ;Таблетки для приготовления раствора для местного и наружного применения;АО Татхимфармпрепараты Российская Федерация;АО Татхимфармпрепараты Российская Федерация;Антисептическое средство;для наружного и местного применения;D08AX01;Водорода пероксид;Без рецепта
47;DV/X 05024/09/18;07.08.2029;КЛОТРИМАЗОЛ;Суппозитории вагинальные;ООО Фармаприм Республика Молдова;ООО Фармаприм Республика Молдова;Антисептические и противомикробные средства, применяемые в гинекологии, за исключением комбинированных препаратов, содержащих кортикостероиды. Комбинации производных имидазола;Вагинально;G01AF02;Клотримазол;Без рецепта
48;DV/X 06041/03/19;28.03.2030;КЛОТРИМАЗОЛ;Таблетки вагинальные;ПАО НПЦ Борщаговский ХФЗ Украина;ПАО НПЦ Борщаговский ХФЗ Украина;Противомикробные и антисептические средства, применяемые в гинекологии. Производные имидазола;Вагинально;D01AC01;Клотримазол;Без рецепта
49;DV/X 01768/06/16;15.06.2026;Хлорофиллипт;Раствор спиртовой;"ООО Фармацевтическая компания ""Здоровье"" Украина";ООО ГНЦЛС ОЗ Украина;Антисептическое средство;Местное;D08AX;Другие антисептики и дезинфицирующие средства;Без рецепта
50;DV/X 01769/06/16;15.06.2026;Хлорофиллипт;раствор масляный;"ООО Фармацевтическая компания ""Здоровье"" Украина";ООО ГНЦЛС ОЗ Украина;Антисептическое средство;Местное;D08AX;Другие антисептики и дезинфицирующие средства;Без рецепта
51;DV/M 02662/07/19;Бессрочно;КЛОТРИМАЗОЛ SD;Суппозитории вагинальные;ООО Sharq Darmon Узбекистан;ООО Sharq Darmon Узбекистан;Противомикробные средства и антисептики, применяемые в гинекологии. Противомикробные средства и  антисептики, кроме комбинаций с кортикостероидами. Производные имидазола;Ректальное;G01AF02;Клотримазол;Без рецепта
52;DV/M 02190/07/18;19.07.2029;ИХТИОЛОВАЯ МАЗЬ;Мазь;ООО radiks Узбекистан;ООО radiks Узбекистан;Антисептическое и дезинфицирующее средство;Местное;D10BX01;Ихтаммол;Без рецепта
53;DV/M 02187/07/18;Бессрочно;ИХТИОЛ;Суппозитории ректальные;ООО radiks Узбекистан;ООО radiks Узбекистан;Антисептическое средство;Ректальное;D10BX01;Ихтаммол;Без рецепта
54;DV/M 02701/08/19;13.08.2029;ЛЮГОЛЯ РАСТВОР С ГЛИЦЕРИНОМ;Раствор;ООО Dentafill Plyus2 Узбекистан;ООО Dentafill Plyus2 Узбекистан;Антисептическое средство;для наружного и местного применения;D08A;Антисептики и дезинфицирующие средства;Без рецепта
55;DV/X 03328/07/17;29.06.2027;ЛЮГС;Раствор для наружного применения;ООО ДКП Фармацевтическая фабрика Украина;ООО ДКП Фармацевтическая фабрика Украина;Антисептическое средство;Местное;R02AA20;Прочие антисептики;Без рецепта
56;DV/X 06482/07/19;19.05.2030;ФАРИНГОСПРЕЙ;Спрей орофарингеальный, раствор;КП Флумед-Фарм ООО Республика Молдова;КП Флумед-Фарм ООО Республика Молдова;Антиинфекционные средства и антисептики для местного применения;Местное;A01AB12;Гексэтидин;Без рецепта
57;DV/X 03696/11/17;13.05.2029;СТРЕПСИЛС®;Таблетки для рассасывания;Reckitt Benckiser Healthcare International LTD Великобритания;Reckitt Benckiser Healthcare International LTD Великобритания;Антисептическое средство;Внутрь;R02AA03;Дихлорбензиловый спирт;Без рецепта
58;DV/X 04065/02/18;28.06.2029;СТРЕПСИЛС® С ВИТАМИНОМ С;Таблетки для рассасывания;Reckitt Benckiser Healthcare International LTD Великобритания;Reckitt Benckiser Healthcare International LTD Великобритания;Антисептическое средство;Местное;R02AA20;Прочие антисептики;Без рецепта
59;DV/X 03695/11/17;13.05.2029;СТРЕПСИЛС®;Таблетки для рассасывания;Reckitt Benckiser Healthcare International LTD Великобритания;Reckitt Benckiser Healthcare International LTD Великобритания;Антисептическое средство;Внутрь;R02AA03;Дихлорбензиловый спирт;Без рецепта
60;DV/X 03697/11/17;13.05.2029;СТРЕПСИЛС®;Таблетки для рассасывания;Reckitt Benckiser Healthcare International LTD Великобритания;Reckitt Benckiser Healthcare International LTD Великобритания;Антисептическое средство;Внутрь;R02AA03;Дихлорбензиловый спирт;Без рецепта
61;DV/X 03694/11/17;13.05.2029;СТРЕПСИЛС® Экспресс;Таблетки для рассасывания;Reckitt Benckiser Healthcare International LTD Великобритания;Reckitt Benckiser Healthcare International LTD Великобритания;Антисептическое средство;Внутрь;R02AA03;Дихлорбензиловый спирт;Без рецепта
62;DV/X 06485/07/19;15.03.2030;ИНГАЛИПТ;Спрей для местного применения, раствор;КП Флумед-Фарм ООО Республика Молдова;КП Флумед-Фарм ООО Республика Молдова;Препараты для лечения заболеваний горла. Антисептики. Прочие антисептики;Местное;R02AA20;Прочие антисептики;Без рецепта
63;DV/M 01220/12/16;14.02.2027;ФУРАЦИЛЛИН;Таблетки;ООО Lafz Узбекистан;ООО Lafz Узбекистан;Антисептическое средство;для наружного и местного применения;D08AF01;Нитрофурал;Без рецепта
64;DV/M 03717/02/21;12.02.2026;ХЛОРОФИЛЛИПТ;спрей;ООО Divapharma Узбекистан;ООО Divapharma Узбекистан;Антисептическое средство;;D08AX;Другие антисептики и дезинфицирующие средства;Без рецепта
65;DV/X 05827/02/19;30.05.2030;ФУРАЦИЛИН;Таблетки для приготовления раствора для местного и наружного применения;АО Татхимфармпрепараты Российская Федерация;АО Татхимфармпрепараты Российская Федерация;Препараты, применяемые в дерматологии. Антисептики и дезинфицирующие средства. Производные нитрофурана;Местное;D08AF01;Нитрофурал;Без рецепта
66;DV/M 03813/05/21;25.05.2026;ХЛОРОФИЛЛИПТ-PCM;Раствор спиртовой;ООО Pharmacom Medicine Узбекистан;ООО Pharmacom Medicine Узбекистан;Антисептическое средство;;D08AX;Другие антисептики и дезинфицирующие средства;Без рецепта
67;DV/M 03754/03/21;19.03.2026;ДЕНТОРОМ;Гель для местного применения;ООО Pharmacon LLC Узбекистан;ООО Pharmacon LLC Узбекистан;Антисептическое средство;;A01AD11;Прочие препараты;Без рецепта
68;DV/M 03659/02/21;02.02.2026;БОРНАЯ КИСЛОТА;Раствор спиртовой;ООО Ferghana Invicta Pharm Узбекистан;ООО Ferghana Invicta Pharm Узбекистан;Антисептическое средство;;D08AD;;Без рецепта
69;DV/M 03832/06/21;15.06.2026;БОРНАЯ КИСЛОТА;Раствор спиртовой;ООО Pharmacom Medicine Узбекистан;ООО Pharmacom Medicine Узбекистан;Антисептическое средство;;D08AD;;Без рецепта
70;DV/M 03781/04/21;09.04.2026;ЙОД;Раствор спиртовой;ЧП Ra'no diagnostika va davolash markazi Узбекистан;ЧП Ra'no diagnostika va davolash markazi Узбекистан;Антисептическое средство;;D08AG03;Йод;Без рецепта
71;DV/X 02594/02/17;14.02.2027;Хлорофиллипт;спрей;"ООО Фармацевтическая компания ""Здоровье"" Украина";ООО УКРФАРМЭКСПОРТ Украина;Антисептическое средство;Местное;D08AX;Другие антисептики и дезинфицирующие средства;Без рецепта
72;DV/X 09125/07/21;16.07.2026;ТОЕДИН ГИНО;Суппозитории вагинальные;LTD Bliss GVS Pharma Индия;VEGAPHARM LIFE SCIENCES Pvt. Ltd. Индия;Антисептическое средство;;G01AX11;Повидон-йод;Без рецепта
73;DV/X 01737/06/21;15.06.2026;ЛИНИМЕНТ БАЛЬЗАМИЧЕСКИЙ ПО ВИШНЕВСКОМУ;Линимент;ПАО НПЦ Борщаговский ХФЗ Украина;ПАО НПЦ Борщаговский ХФЗ Украина;Антисептическое и дезинфицирующее средство;Накожное введение (наружное);;;Без рецепта
74;DV/M 03897/09/21;10.09.2026;Йод;Раствор спиртовой;ООО TANDEM PHARM MCHJ Узбекистан;ООО TANDEM PHARM MCHJ Узбекистан;Антисептическое средство;Для наружного применения;;;Без рецепта
75;DV/M 03862/08/21;18.08.2026;БРИЛЛИАНТОВЫЙ ЗЕЛЕНЫЙ;Раствор спиртовой;ООО TANDEM PHARM MCHJ Узбекистан;ООО TANDEM PHARM MCHJ Узбекистан;Антисептическое средство;Для наружного применения;;;Без рецепта
76;DV/M 03886/09/21;10.09.2026;Сироп солодкового корня;Сироп;ООО TANDEM PHARM MCHJ Узбекистан;ООО TANDEM PHARM MCHJ Узбекистан;Антисептическое средство;Внутрь;;;Без рецепта
77;DV/M 03795/04/21;09.04.2026;Хлоргексидина биглюконат;Раствор;ООО Pharmacom Medicine Узбекистан;ООО Pharmacom Medicine Узбекистан;Антисептическое средство;Для наружного применения;;;Без рецепта
78;DV/M 03979/11/21;30.11.2026;Бетайодин;Раствор;ООО Pharmacom Medicine Узбекистан;ООО Pharmacom Medicine Узбекистан;Антисептическое и дезинфицирующее средство;Внутрь;D08AG02;Повидон-йод;Без рецепта
79;DV/X 09317/09/21;10.09.2026;Элюдрил Gé;Раствор для полоскания полости рта;Pierre Fabre Medicament Production Франция;Pierre Fabre Medicament Production Франция;Антиинфекционные и антисептические препараты для местного лечения заболаваний полости рта;Местное;A01AB11;Прочие препараты;Без рецепта
80;DV/X 09303/09/21;10.09.2026;Новэкс;Таблетки для рассасывания;Pvt. Ltd. Herbion Pakistan Пакистан;Pvt. Ltd. Herbion Pakistan Пакистан;Препараты для лечения заболеваний горла. Антисептика. Прочие препараты;Внутрь;R02AA20;Прочие антисептики;Без рецепта
81;DV/X 09596/12/21;28.12.2026;Тоедин;Мазь для наружного применения;Pvt. Ltd. Nanz Med Science Pharma Индия;VEGAPHARM LIFE SCIENCES Pvt. Ltd. Индия;Дерматотропные средства. Антисептики и дезинфицирующие препараты.;Для наружного применения;D08AG02;Повидон-йод;Без рецепта
82;DV/X 09539/12/21;23.12.2026;Тоедин;Раствор для местного и наружного применения;Pvt. Ltd. Nanz Med Science Pharma Индия;VEGAPHARM LIFE SCIENCES Pvt. Ltd. Индия;Дерматотропные средства. Антисептики и дезинфицирующие препараты.;для наружного и местного применения;D08AG02;Повидон-йод;Без рецепта
83;DV/X 09577/12/21;23.12.2026;Ингалипт;Аэрозоль;АО Стома Украина;ООО УКРФАРМЭКСПОРТ Украина;Средства, действующие на респираторную систему. Препараты, применяемые при заболеваниях горла. Антисептики;;R02AA20;Прочие антисептики;Без рецепта
84;DV/X 03122/06/17/1;20.09.2027;Кандид-B6;Таблетки вагинальные;Glenmark Pharmaceuticals LTD Индия;Glenmark Pharmaceuticals LTD Индия;Антисептики и противомикробные препараты для лечения гинекологических заболеваний. Производные имидазола. Клотримазол;Влагалищное;D01AC01;Клотримазол;Без рецепта
85;DV/M 03923/10/21;11.10.2026;Люголя раствор с глицерином;Раствор;ЧП Ko'hna Beshrabot Узбекистан;ЧП Ko'hna Beshrabot Узбекистан;Антисептическое средство;внутрь, местно и наружно;D04AB;Местные анестетики для наружного применения;Без рецепта
86;DV/M 03928/10/21;11.10.2026;Водорода перекиси;Раствор;"ООО ""MEDFLORA"" Узбекистан";"ООО ""MEDFLORA"" Узбекистан";Антисептическое средство;Для наружного применения;D08AX01;Водорода пероксид;Без рецепта
87;DV/M 04026/12/21;28.12.2026;Водорода перекиси;Раствор;ООО AFROSIYOBFARM MCHJ Узбекистан;ООО AFROSIYOBFARM MCHJ Узбекистан;Антисептическое средство;Для наружного применения;D08AX01;Водорода пероксид;Без рецепта
88;DV/M 04031/02/22;14.02.2027;Йод;Раствор спиртовой;ЧП Biomed Pharmsanoat Узбекистан;ЧП Biomed Pharmsanoat Узбекистан;Антисептическое средство;внутрь, местно и наружно;D08AG03;Йод;Без рецепта
89;DV/M 04121/05/22;Бессрочно;АНЗИБЕЛ®;спрей;ИП ООО NOBEL PHARMSANOAT MCHJ Узбекистан;ИП ООО NOBEL PHARMSANOAT MCHJ Узбекистан;Антисептическое средство;Местное;A01AD;Другие препараты для местного лечения заболеваний полости рта;Без рецепта
90;DV/M 04143/06/2022;16.06.2027;Борная мазь;Мазь для наружного применения;СП ООО Jurabek Laboratories Узбекистан;СП ООО Jurabek Laboratories Узбекистан;Антисептическое средство;для наружного и местного применения;D08AD;;Без рецепта
91;DV/X 09914/06/22;16.06.2027;ЛИНИМЕНТ БАЛЬЗАМИЧЕСКИЙ ПО ВИШНЕВСКОМУ;Линимент для наружного применения;АО Усолье-Сибирский химфармзавод Российская Федерация;АО Усолье-Сибирский химфармзавод Российская Федерация;Антисептическое средство;Для наружного применения;D08AX;Другие антисептики и дезинфицирующие средства;Без рецепта
92;DV/X 09793/04/22;13.04.2027;БЕНЗИЛОР;Таблетки для рассасывания;S.L. Laboratorios Alkala Farma Испания;GM Pharmaceuticals LTD Грузия;Антисептическое средство;Внутрь;R02AA;Антисептики;Без рецепта
93;DV/M 04257/09/22;20.09.2027;Повидон-йод;Раствор;ООО Radiks Узбекистан;ООО Radiks Узбекистан;Антисептическое средство;Для наружного применения;D08AG02;Повидон-йод;Без рецепта
94;DV/M 03751/03/21;01.03.2026;Фурацилин-АК;Таблетки;ООО AS-KAM PHARMA Узбекистан;ООО AS-KAM PHARMA Узбекистан;Антисептическое средство;для наружного и местного применения;D08AF01;Нитрофурал;Без рецепта
95;DV/M 04215/08/22;16.08.2027;ИХТИОЛ;Мазь;ЧП Ziyo Nur Farm Узбекистан;ЧП Ziyo Nur Farm Узбекистан;Антисептическое средство;для наружного и местного применения;D10BX01;Ихтаммол;Без рецепта
96;DV/M 03782/04/21;09.04.2026;Спирт этиловый медицинский 70%;Раствор;ЧП Ra'no diagnostika va davolash markazi Узбекистан;ЧП Ra'no diagnostika va davolash markazi Узбекистан;Антисептическое средство;Накожное введение (наружное);D08AX;Другие антисептики и дезинфицирующие средства;Без рецепта
97;DV/M 04199/08/22;02.08.2027;Бриллиантовый зеленый;Раствор спиртовой;ООО Galenika Узбекистан;ООО Galenika Узбекистан;Антисептическое и дезинфицирующее средство;Местное;D08AX;Другие антисептики и дезинфицирующие средства;Без рецепта
98;DV/M 04317/11/22;30.11.2027;Ларинганол;Таблетки;ЧП Ziyo Nur Farm Узбекистан;ЧП Ziyo Nur Farm Узбекистан;Препараты для лечения заболеваний горла. Антисептика. Прочие препараты;Внутрь;R02AA;Антисептики;Без рецепта
99;DV/X 10275/11/22;30.11.2027;Зотт;Таблетки для рассасывания;Unique Pharmaceutical Laboratories (A.Division of J.B. Chemicals & Pharmaceuticals Limited) LTD Индия;Unique Pharmaceutical Laboratories (A.Division of J.B. Chemicals & Pharmaceuticals Limited) LTD Индия;Антисептическое средство;Перорально;R02AA20;Прочие антисептики;Без рецепта
100;DV/X 04010/02/18/1;14.07.2028;БЕТАДИН®;Мазь для наружного применения;ЗАО Фармацевтический завод ЭГИС Венгрия;Egis Pharmaceuticals PLC Венгрия;Антисептическое и дезинфицирующее средство;Местное;D08AG02;Повидон-йод;Без рецепта
101;DV/M 03722/02/21;12.02.2026;Салициловая кислота;Раствор спиртовой;ЧП Biomed Pharmsanoat Узбекистан;ЧП Biomed Pharmsanoat Узбекистан;Антисептическое и дезинфицирующее средство;Накожное введение (наружное);D01AE12;Салициловая кислота;Без рецепта
102;DV/X 04720/07/18;13.08.2030;ЛОРСЕПТ;Таблетки для рассасывания;ООО Рубикон Беларусь;ООО Рубикон Беларусь;Средства для лечения заболеваний гортани и глотки. Антисептические средства;Местное;R02AA06;Цетилпиридиния хлорид;Без рецепта
103;DV/M 04443/05/23;18.05.2028;Алузан;Порошок для приготовления раствора;ООО Aton Узбекистан;ООО Aton Узбекистан;Антисептическое и дезинфицирующее средство;;D06BX;Другие противомикробные препараты;Без рецепта
104;DV/X 10724/08/24;07.08.2029;Дателин;Крем для наружного применения;World Medicine Ilac San. ve Tic.1 A.S. Турция;World Medicine Ilac San. ve Tic.1 A.S. Турция;Антисептики и дезинфицирующие препараты. Бигуаниды и амидины. Хлоргексидин в комбинации с другими препаратами;Для наружного применения;D08AC52;Хлоргексидин в комбинации со средствами;Без рецепта
105;DV/X 10817/12/24;20.12.2029;ПАФЕСАН;Таблетки для рассасывания;World Medicine Ilac San. ve Tic. A.S. Турция;World Medicine Ilac San. ve Tic. A.S. Турция;Препараты для лечения заболеваний горла. Антисептика. Прочие антисептики;Местное;R02AA20;Прочие антисептики;Без рецепта
106;DV/X 10900/04/25;05.04.2030;КАНДИВАГ ФРЕШ;Спрей вагинальный;Avantika Medex Pvt. Ltd. Индия;Avantika Medex Pvt. Ltd. Индия;Противомикробные препараты и антисептики применяемые в гинекологии. Противомикробные препараты и антисептики, кроме комбинаций с кортикостероидами. Другие противомикробные препараты и антисептики;интравагинально;G01AX;Другие противомикробные препараты и антисептики;Без рецепта
107;DV/M 02044/03/18;11.08.2028;ЛИНИМЕНТ БАЛЬЗАМИЧЕСКИЙ ПО ВИШНЕВСКОМУ;Линимент;ООО Radiks Узбекистан;ООО Radiks Узбекистан;Антисептическое средство;Накожное введение (наружное);D08AX;Другие антисептики и дезинфицирующие средства;Без рецепта
108;DV/X 04633/07/18;31.10.2029;БЕПАНТЕН® ПЛЮС;Крем для наружного применения;GmbH GP Grenzach Produktions Германия;AG Bayer Consumer Care Швейцария;Антисептические и дезинфицирующие средства. Бигуаниды и амидины. Хлоргексидин в комбинации с другими препаратами;Накожное введение (наружное);D08AC52;Хлоргексидин в комбинации со средствами;Без рецепта
109;DV/X/TO 10465/06/23;08.06.2028;БЕТАДИН®;Раствор дезинфицирующий для наружного применения;ЗАО Фармацевтический завод ЭГИС Венгрия;Egis Pharmaceuticals Венгрия;Антисептики и дезинфицирующие препараты. Препараты йода, повидон-йод;Накожное введение (наружное);;;Без рецепта
110;DV/X 01776/06/16;16.07.2026;СЕПТОЛЕТЕ® ТОТАЛ ЭВКАЛИПТ;Пастилки;KRKA, d.d., Novo mesto' Словения;KRKA, d.d., Novo mesto Словения;Средство для лечения заболеваний ЛОР-органов. Нестероидный противовоспалительный препарат + антисептическое средство.;Внутрь;R02AA20;Прочие антисептики;Без рецепта
111;DV/M 00980/08/16;05.11.2026;САЛИЦИЛОВАЯ КИСЛОТА;Раствор спиртовой;ООО Lafz Узбекистан;ООО Lafz Узбекистан;Антисептическое средство;Накожное введение (наружное);D01AE12;Салициловая кислота;Без рецепта
112;DV/X 06115/04/19;28.03.2030;ГРАММИДИН®;Спрей для местного применения дозированный;B.V. Delpharm Bladel Нидерланды;АО Валента Фарм Российская Федерация;Антибиотик+антисептическое средство;Местное;R02AA20;Прочие антисептики;Без рецепта
113;DV/M 04797/02/25;15.02.2030;Перекись водорода-BF;Раствор;ООО Begzod-Farrux Узбекистан;ООО Begzod-Farrux Узбекистан;Антисептическое и дезинфицирующее средство;Для наружного применения;D08AX01;Водорода пероксид;Без рецепта
114;DV/M 04920/04/25;Бессрочно;ИХТИОЛ;Суппозитории ректальные;ООО Dentafill Plyus2 Узбекистан;ООО Dentafill Plyus Узбекистан;Антисептическое и противовоспалительное средство;Ректальное;D10BX01;Ихтаммол;Без рецепта
115;DV/M 04857/03/25;Бессрочно;ЛИНИМЕНТ БАЛЬЗАМИЧЕСКИЙ ПО ВИШНЕВСКОМУ;Линимент;ООО Dentafill Plyus Узбекистан;ООО Dentafill Plyus Узбекистан;Антисептические и дезинфицирующие средства.;Для наружного применения;D08AX;Другие антисептики и дезинфицирующие средства;Без рецепта
116;DV/X 04078/02/18/1;29.11.2029;АНГАЛ® ЛИМОН;Пастилки;Lek d.d. Словения;Lek d.d. Словения;Лекарственные препараты воздействующие на горло, антисептики;для рассасывания в полости рта;R02A;Препараты для лечения заболеваний горла;Без рецепта
117;DV/M 05086/08/25;Бессрочно;Д. АНГИСЕПТ;Таблетки;ООО Dentafill Plyus2 Узбекистан;ООО Dentafill Plyus Узбекистан;Препараты для лечения заболеваний горла. Антисептики. Прочие антисептики;Перорально;R02A;Препараты для лечения заболеваний горла;Без рецепта
118;DV/M 04017/12/21;23.12.2026;Лорбенин®;Раствор;ООО Pharmacom Medicine Узбекистан;ООО Pharmacom Medicine Узбекистан;прочие препараты для лечения заболеваний полости рта. Противовоспалительное и антисептическое средство;Местное;;;Без рецепта